locus_key	rsid	BVI	TT	Bahamas	Barbados	Bermuda	StLucia	gnomAD_global	gnomAD_AFR	gnomAD_NFE	gnomAD_SAS	delta	island	reference	direction	rank
5-131165149-A-G	rs4696	0.595745	0.485714	0.583333	0.617021	0.455769	0.369318	0.113614	0.381356	0.039913	0.010127	0.214389	BVI	gnomAD_AFR	enriched	1
17-9612460-G-A	rs6503235	0.457547	0.592105	0.401786	0.432000	0.548156	0.417526	0.607134	0.305583	0.749637	0.718354	0.151964	BVI	gnomAD_AFR	enriched	2
9-15591374-T-A	rs4741510	0.136792	0.269737	0.071429	0.100000	0.221311	0.061856	0.361258	0.014457	0.428157	0.422589	0.122335	BVI	gnomAD_AFR	enriched	3
4-158680524-C-T	rs11559290	0.250000	0.559211	0.211310	0.316000	0.480533	0.239583	0.683012	0.130608	0.859942	0.839240	0.119392	BVI	gnomAD_AFR	enriched	4
17-11883634-T-C	rs8070256	0.231132	0.348684	0.178571	0.262097	0.324795	0.211340	0.393830	0.113161	0.537010	0.524051	0.117971	BVI	gnomAD_AFR	enriched	5
4-188139952-G-A	rs13131525	0.226415	0.243421	0.148810	0.224000	0.308402	0.213542	0.273921	0.110169	0.491279	0.294937	0.116246	BVI	gnomAD_AFR	enriched	6
10-119326585-A-T	rs2230345	0.410959	0.228070	0.406504	0.350962	0.255418	0.427083	0.096386	0.295115	0.013062	0.070886	0.115844	BVI	gnomAD_AFR	enriched	7
13-75310080-C-T	rs1062087	0.523585	0.657895	0.452381	0.484000	0.649590	0.505155	0.725904	0.409771	0.876633	0.927848	0.113814	BVI	gnomAD_AFR	enriched	8
17-63482562-C-T	rs4309	0.216981	0.342105	0.136905	0.188000	0.275615	0.164948	0.424904	0.106680	0.395501	0.553797	0.110301	BVI	gnomAD_AFR	enriched	9
5-90855772-G-A	rs2247870	0.226415	0.407895	0.187500	0.208000	0.313525	0.211340	0.469752	0.120638	0.564586	0.520913	0.105777	BVI	gnomAD_AFR	enriched	10
20-63604795-T-C	rs6090471	0.660194	0.608108	0.598802	0.651639	0.702062	0.657895	0.674699	0.560818	0.921626	0.675316	0.099376	BVI	gnomAD_AFR	enriched	11
17-58358524-G-T	rs2526374	0.480583	0.319444	0.429487	0.405172	0.390135	0.375000	0.401157	0.381854	0.361393	0.363924	0.098729	BVI	gnomAD_AFR	enriched	12
18-31318331-A-G	rs1426310	0.528571	0.480263	0.443452	0.480000	0.438525	0.443299	0.358159	0.432702	0.466618	0.479087	0.095869	BVI	gnomAD_AFR	enriched	13
1-165419892-G-A	rs1128977	0.160377	0.184211	0.092262	0.096000	0.217213	0.140625	0.230046	0.065304	0.358491	0.358048	0.095073	BVI	gnomAD_AFR	enriched	14
15-55628815-T-C	rs7165971	0.117925	0.328947	0.074405	0.084000	0.181352	0.082474	0.421890	0.022931	0.312046	0.553232	0.094994	BVI	gnomAD_AFR	enriched	15
8-123975238-T-C	rs7465584	0.509434	0.355263	0.437500	0.424000	0.462090	0.463918	0.395396	0.416251	0.471698	0.294304	0.093183	BVI	gnomAD_AFR	enriched	16
12-1860096-T-C	rs10848582	0.141509	0.256579	0.119048	0.132000	0.261270	0.139175	0.330602	0.048355	0.504354	0.365190	0.093154	BVI	gnomAD_AFR	enriched	17
2-11160606-C-T	rs2271622	0.221698	0.381579	0.196429	0.224000	0.287910	0.166667	0.392694	0.129611	0.492006	0.493663	0.092087	BVI	gnomAD_AFR	enriched	18
4-16512125-T-C	rs6824949	0.179245	0.217105	0.098214	0.132000	0.153689	0.082474	0.184623	0.087238	0.219477	0.310759	0.092007	BVI	gnomAD_AFR	enriched	19
7-138732973-A-G	rs3807154	0.509434	0.585526	0.476190	0.540323	0.593429	0.489362	0.682092	0.419242	0.716570	0.737975	0.090192	BVI	gnomAD_AFR	enriched	20
11-66315658-T-C	rs3741367	0.259434	0.289474	0.220238	0.224000	0.312500	0.206186	0.296528	0.170659	0.427431	0.233544	0.088775	BVI	gnomAD_AFR	enriched	21
8-124977456-C-T	rs16900167	0.212264	0.197368	0.130952	0.148000	0.116803	0.197917	0.172530	0.125623	0.096517	0.151266	0.086641	BVI	gnomAD_AFR	enriched	22
12-5565588-G-A	rs2277398	0.283019	0.348684	0.199405	0.252000	0.310062	0.270833	0.345663	0.196411	0.446299	0.425949	0.086608	BVI	gnomAD_AFR	enriched	23
5-1077858-C-T	rs148501261	0.097015	0.101852	0.069444	0.036842	0.038551	0.010417	0.002651	0.010469	0.000000	0.000000	0.086546	BVI	gnomAD_AFR	enriched	24
7-30752232-G-A	rs4723010	0.358491	0.328947	0.306548	0.264000	0.312500	0.231959	0.257831	0.272183	0.388244	0.282278	0.086308	BVI	gnomAD_AFR	enriched	25
19-48965830-T-C	rs2230267	0.000000	0.000000	0.000000	0.000000	0.000000	0.000000	0.469277	0.480060	0.559507	0.393671	-0.480060	BVI	gnomAD_AFR	depleted	1
19-9991887-G-A	rs7251451	0.015625	0.007042	0.012579	0.004310	0.002193	0.021505	0.095611	0.287637	0.030479	0.011421	-0.272012	BVI	gnomAD_AFR	depleted	2
15-92795989-T-C	rs7164758	0.451807	0.268116	0.542208	0.573770	0.398747	0.557292	0.267831	0.662014	0.177794	0.133544	-0.210207	BVI	gnomAD_AFR	depleted	3
19-48835841-T-C	rs8110220	0.476415	0.394737	0.505952	0.520000	0.411885	0.625000	0.332651	0.621137	0.257620	0.339241	-0.144722	BVI	gnomAD_AFR	depleted	4
9-5557708-T-C	rs7854413	0.500000	0.413333	0.598214	0.560000	0.391393	0.619792	0.273976	0.639083	0.120464	0.229747	-0.139083	BVI	gnomAD_AFR	depleted	5
22-17817474-T-C	rs5992854	0.570423	0.470588	0.603053	0.592593	0.529340	0.618557	0.384819	0.696411	0.384615	0.307595	-0.125988	BVI	gnomAD_AFR	depleted	6
2-71611313-C-T	rs11558179	0.448113	0.289474	0.485119	0.440000	0.306352	0.453125	0.183133	0.572782	0.045718	0.051899	-0.124669	BVI	gnomAD_AFR	depleted	7
10-116469251-T-C	rs7077408	0.223810	0.184211	0.317365	0.310484	0.256148	0.268041	0.177590	0.348455	0.047170	0.077848	-0.124645	BVI	gnomAD_AFR	depleted	8
15-81323988-G-A	rs74028612	0.098958	0.075758	0.174825	0.104348	0.085153	0.173684	0.107711	0.222832	0.050798	0.056962	-0.123874	BVI	gnomAD_AFR	depleted	9
5-158699174-C-T	rs76807040	0.292453	0.171053	0.354167	0.404000	0.256148	0.276042	0.118593	0.416168	0.009448	0.018448	-0.123715	BVI	gnomAD_AFR	depleted	10
4-153558278-T-C	rs6848033	0.702830	0.697368	0.782738	0.740000	0.607582	0.703125	0.575663	0.826022	0.344702	0.480380	-0.123192	BVI	gnomAD_AFR	depleted	11
13-113118845-G-A	rs6046	0.000000	0.000000	0.003012	0.060000	0.001048	0.000000	0.135125	0.122134	0.119013	0.269620	-0.122134	BVI	gnomAD_AFR	depleted	12
17-74544797-G-A	rs11870245	0.198113	0.171053	0.251497	0.280000	0.152263	0.263736	0.093133	0.316052	0.007257	0.039241	-0.117939	BVI	gnomAD_AFR	depleted	13
1-61990342-G-A	rs1134767	0.448113	0.532895	0.523810	0.536000	0.510246	0.536458	0.465035	0.565304	0.410740	0.516477	-0.117191	BVI	gnomAD_AFR	depleted	14
1-68046758-A-G	rs61736596	0.183962	0.105263	0.250000	0.252000	0.176230	0.187500	0.093735	0.301097	0.044267	0.017089	-0.117135	BVI	gnomAD_AFR	depleted	15
2-108378352-C-G	rs1402467	0.764151	0.572368	0.779762	0.788000	0.547131	0.768041	0.403712	0.878863	0.230769	0.421519	-0.114712	BVI	gnomAD_AFR	depleted	16
16-10538055-C-T	rs2279868	0.235849	0.315789	0.294643	0.312000	0.232582	0.319588	0.270964	0.350449	0.182874	0.352532	-0.114600	BVI	gnomAD_AFR	depleted	17
6-88941203-C-A	rs9451108	0.566038	0.381579	0.601796	0.624000	0.431352	0.541667	0.328671	0.679960	0.204644	0.273131	-0.113922	BVI	gnomAD_AFR	depleted	18
15-59075968-G-A	rs7178935	0.547170	0.421053	0.619048	0.568000	0.508214	0.567010	0.431670	0.661017	0.269231	0.262991	-0.113847	BVI	gnomAD_AFR	depleted	19
4-70606709-A-G	rs7680880	0.570755	0.322368	0.604167	0.564000	0.391393	0.572917	0.265606	0.683948	0.073295	0.156329	-0.113193	BVI	gnomAD_AFR	depleted	20
1-47189927-C-T	rs11801079	0.265000	0.236842	0.363095	0.264000	0.197125	0.278351	0.120361	0.375872	0.031930	0.062658	-0.110872	BVI	gnomAD_AFR	depleted	21
16-3254762-A-G	rs224225	0.424528	0.361842	0.488095	0.508000	0.489733	0.515625	0.388675	0.534895	0.477504	0.214557	-0.110367	BVI	gnomAD_AFR	depleted	22
2-227109157-T-C	rs58363082	0.466981	0.302632	0.494048	0.480000	0.337782	0.484536	0.282630	0.577345	0.076197	0.178707	-0.110364	BVI	gnomAD_AFR	depleted	23
22-37182539-C-T	rs229519	0.537736	0.519737	0.583333	0.500000	0.485656	0.614583	0.471198	0.646560	0.283430	0.392405	-0.108824	BVI	gnomAD_AFR	depleted	24
3-184373361-G-T	rs6142	0.504717	0.500000	0.589286	0.628000	0.478484	0.625000	0.372017	0.613160	0.419331	0.400000	-0.108443	BVI	gnomAD_AFR	depleted	25
4-158680524-C-T	rs11559290	0.250000	0.559211	0.211310	0.316000	0.480533	0.239583	0.683012	0.130608	0.859942	0.839240	0.428603	TT	gnomAD_AFR	enriched	1
15-55628815-T-C	rs7165971	0.117925	0.328947	0.074405	0.084000	0.181352	0.082474	0.421890	0.022931	0.312046	0.553232	0.306016	TT	gnomAD_AFR	enriched	2
10-69097096-G-A	rs2229498	0.410377	0.644737	0.333333	0.484000	0.574795	0.437500	0.608916	0.338983	0.849782	0.750000	0.305754	TT	gnomAD_AFR	enriched	3
3-179754886-C-T	rs2287240	0.226415	0.493421	0.244048	0.260000	0.369877	0.255208	0.458434	0.190429	0.518142	0.550000	0.302992	TT	gnomAD_AFR	enriched	4
3-64541645-T-C	rs1373163	0.240566	0.539474	0.273810	0.288000	0.494877	0.265625	0.536627	0.241775	0.851234	0.774684	0.297699	TT	gnomAD_AFR	enriched	5
14-61530508-C-T	rs1088680	0.320755	0.592105	0.392857	0.372000	0.569815	0.432990	0.679518	0.302592	0.865022	0.815190	0.289513	TT	gnomAD_AFR	enriched	6
5-90855772-G-A	rs2247870	0.226415	0.407895	0.187500	0.208000	0.313525	0.211340	0.469752	0.120638	0.564586	0.520913	0.287257	TT	gnomAD_AFR	enriched	7
17-9612460-G-A	rs6503235	0.457547	0.592105	0.401786	0.432000	0.548156	0.417526	0.607134	0.305583	0.749637	0.718354	0.286522	TT	gnomAD_AFR	enriched	8
2-29143964-A-G	rs3213947	0.174528	0.460526	0.235119	0.236000	0.290984	0.265625	0.444793	0.181456	0.367199	0.511407	0.279070	TT	gnomAD_AFR	enriched	9
11-69648142-G-A	rs9344	0.187500	0.440789	0.182927	0.210084	0.294956	0.218750	0.415642	0.176969	0.507257	0.511392	0.263820	TT	gnomAD_AFR	enriched	10
9-15591374-T-A	rs4741510	0.136792	0.269737	0.071429	0.100000	0.221311	0.061856	0.361258	0.014457	0.428157	0.422589	0.255280	TT	gnomAD_AFR	enriched	11
18-31131556-C-T	rs1789072	0.320755	0.546053	0.306548	0.384000	0.536885	0.390625	0.596024	0.292622	0.814224	0.773418	0.253431	TT	gnomAD_AFR	enriched	12
10-59654253-G-T	rs2242206	0.089623	0.322368	0.101190	0.112000	0.179303	0.097938	0.341084	0.069791	0.232221	0.488608	0.252577	TT	gnomAD_AFR	enriched	13
2-11160606-C-T	rs2271622	0.221698	0.381579	0.196429	0.224000	0.287910	0.166667	0.392694	0.129611	0.492006	0.493663	0.251968	TT	gnomAD_AFR	enriched	14
4-184001516-G-A	rs3749534	0.089623	0.309211	0.120482	0.128000	0.254639	0.145833	0.350723	0.059821	0.425980	0.476582	0.249390	TT	gnomAD_AFR	enriched	15
1-204974819-C-A	rs2246662	0.198113	0.434211	0.221557	0.228000	0.300821	0.213542	0.470681	0.184870	0.392598	0.620886	0.249341	TT	gnomAD_AFR	enriched	16
13-75310080-C-T	rs1062087	0.523585	0.657895	0.452381	0.484000	0.649590	0.505155	0.725904	0.409771	0.876633	0.927848	0.248124	TT	gnomAD_AFR	enriched	17
17-11883634-T-C	rs8070256	0.231132	0.348684	0.178571	0.262097	0.324795	0.211340	0.393830	0.113161	0.537010	0.524051	0.235523	TT	gnomAD_AFR	enriched	18
17-63482562-C-T	rs4309	0.216981	0.342105	0.136905	0.188000	0.275615	0.164948	0.424904	0.106680	0.395501	0.553797	0.235425	TT	gnomAD_AFR	enriched	19
21-42485777-C-T	rs2839536	0.122642	0.309211	0.130952	0.172000	0.227835	0.114583	0.278153	0.075274	0.379536	0.284264	0.233937	TT	gnomAD_AFR	enriched	20
10-17071564-C-T	rs1801225	0.127358	0.282895	0.092262	0.124000	0.263320	0.130208	0.377290	0.050898	0.433237	0.463291	0.231997	TT	gnomAD_AFR	enriched	21
3-184178853-T-C	rs2231216	0.240566	0.401316	0.247024	0.228000	0.296107	0.237113	0.425181	0.170489	0.490566	0.565823	0.230827	TT	gnomAD_AFR	enriched	22
2-162267541-C-T	rs1990760	0.188679	0.355263	0.181548	0.164000	0.339139	0.180412	0.357229	0.124626	0.595065	0.544304	0.230637	TT	gnomAD_AFR	enriched	23
4-94249688-G-A	rs11722476	0.257143	0.432432	0.216867	0.240000	0.348548	0.216495	0.467093	0.202595	0.366279	0.575316	0.229837	TT	gnomAD_AFR	enriched	24
3-38400999-G-A	rs2070488	0.146226	0.394737	0.196429	0.268000	0.311475	0.250000	0.361741	0.165005	0.584302	0.515190	0.229732	TT	gnomAD_AFR	enriched	25
19-48965830-T-C	rs2230267	0.000000	0.000000	0.000000	0.000000	0.000000	0.000000	0.469277	0.480060	0.559507	0.393671	-0.480060	TT	gnomAD_AFR	depleted	1
15-92795989-T-C	rs7164758	0.451807	0.268116	0.542208	0.573770	0.398747	0.557292	0.267831	0.662014	0.177794	0.133544	-0.393898	TT	gnomAD_AFR	depleted	2
1-159205564-G-A	rs12075	0.877358	0.618421	0.940476	0.904000	0.776639	0.896907	0.533261	0.982054	0.616110	0.378327	-0.363633	TT	gnomAD_AFR	depleted	3
4-70606709-A-G	rs7680880	0.570755	0.322368	0.604167	0.564000	0.391393	0.572917	0.265606	0.683948	0.073295	0.156329	-0.361580	TT	gnomAD_AFR	depleted	4
14-102875712-T-C	rs1131877	0.863208	0.559211	0.824405	0.796000	0.629098	0.838542	0.456145	0.918245	0.228592	0.182911	-0.359034	TT	gnomAD_AFR	depleted	5
8-30845009-A-C	rs323344	0.745283	0.519737	0.776786	0.732000	0.466189	0.734375	0.303133	0.847956	0.106676	0.196835	-0.328219	TT	gnomAD_AFR	depleted	6
9-93107661-C-T	rs2275849	0.566038	0.289474	0.574405	0.540323	0.355533	0.552083	0.258313	0.599701	0.083454	0.108861	-0.310227	TT	gnomAD_AFR	depleted	7
10-60911547-G-A	rs2271126	0.500000	0.296053	0.458333	0.476000	0.349385	0.510309	0.292048	0.603689	0.121916	0.204430	-0.307636	TT	gnomAD_AFR	depleted	8
2-108378352-C-G	rs1402467	0.764151	0.572368	0.779762	0.788000	0.547131	0.768041	0.403712	0.878863	0.230769	0.421519	-0.306495	TT	gnomAD_AFR	depleted	9
14-65032732-G-A	rs7148144	0.429245	0.190789	0.455357	0.440000	0.285714	0.427083	0.236506	0.491027	0.058781	0.065823	-0.300238	TT	gnomAD_AFR	depleted	10
6-88941203-C-A	rs9451108	0.566038	0.381579	0.601796	0.624000	0.431352	0.541667	0.328671	0.679960	0.204644	0.273131	-0.298381	TT	gnomAD_AFR	depleted	11
3-4658092-T-C	rs2306870	0.325472	0.098684	0.389881	0.296000	0.188272	0.376289	0.150843	0.396311	0.010885	0.020253	-0.297627	TT	gnomAD_AFR	depleted	12
1-173487878-C-T	rs4611	0.653465	0.402778	0.636905	0.560000	0.501050	0.567708	0.416004	0.700399	0.224564	0.213291	-0.297621	TT	gnomAD_AFR	depleted	13
2-71611313-C-T	rs11558179	0.448113	0.289474	0.485119	0.440000	0.306352	0.453125	0.183133	0.572782	0.045718	0.051899	-0.283308	TT	gnomAD_AFR	depleted	14
19-9991887-G-A	rs7251451	0.015625	0.007042	0.012579	0.004310	0.002193	0.021505	0.095611	0.287637	0.030479	0.011421	-0.280595	TT	gnomAD_AFR	depleted	15
13-20512419-T-C	rs7987204	0.712264	0.414474	0.648810	0.648000	0.392197	0.572165	0.307182	0.693918	0.045718	0.183544	-0.279444	TT	gnomAD_AFR	depleted	16
10-114959784-G-A	rs7099565	0.745283	0.519737	0.750000	0.712000	0.606776	0.829897	0.421408	0.794616	0.465893	0.380862	-0.274879	TT	gnomAD_AFR	depleted	17
2-227109157-T-C	rs58363082	0.466981	0.302632	0.494048	0.480000	0.337782	0.484536	0.282630	0.577345	0.076197	0.178707	-0.274713	TT	gnomAD_AFR	depleted	18
17-50461674-T-C	rs9674937	0.629808	0.427632	0.613095	0.584000	0.455943	0.613402	0.348638	0.701894	0.272859	0.284810	-0.274262	TT	gnomAD_AFR	depleted	19
2-219281680-C-T	rs3731896	0.504717	0.282895	0.508929	0.480000	0.367828	0.489583	0.275916	0.552343	0.187500	0.238608	-0.269448	TT	gnomAD_AFR	depleted	20
11-65947454-C-T	rs565921	0.300000	0.107143	0.299383	0.311475	0.216102	0.291667	0.103614	0.371884	0.032656	0.009494	-0.264741	TT	gnomAD_AFR	depleted	21
12-1444631-A-G	rs12319376	0.584906	0.342105	0.619048	0.552000	0.380123	0.578125	0.180000	0.604686	0.063135	0.039873	-0.262581	TT	gnomAD_AFR	depleted	22
17-77482399-C-T	rs425139	0.915094	0.651316	0.863095	0.796000	0.713115	0.835052	0.617229	0.913759	0.579100	0.520886	-0.262443	TT	gnomAD_AFR	depleted	23
7-94401587-T-C	rs1800222	0.490385	0.315789	0.553571	0.479839	0.354037	0.520833	0.301448	0.577844	0.150218	0.101266	-0.262055	TT	gnomAD_AFR	depleted	24
9-33240227-G-A	rs706107	0.622642	0.460526	0.684524	0.633065	0.514433	0.603093	0.373133	0.721834	0.232946	0.271519	-0.261308	TT	gnomAD_AFR	depleted	25
5-131165149-A-G	rs4696	0.595745	0.485714	0.583333	0.617021	0.455769	0.369318	0.113614	0.381356	0.039913	0.010127	0.201977	Bahamas	gnomAD_AFR	enriched	1
1-36100016-G-A	rs274754	0.311321	0.434211	0.446429	0.372000	0.568648	0.317708	0.495662	0.324526	0.795356	0.615190	0.121903	Bahamas	gnomAD_AFR	enriched	2
10-119326585-A-T	rs2230345	0.410959	0.228070	0.406504	0.350962	0.255418	0.427083	0.096386	0.295115	0.013062	0.070886	0.111389	Bahamas	gnomAD_AFR	enriched	3
10-113574365-C-T	rs3740530	0.330189	0.453947	0.392857	0.352000	0.464139	0.396907	0.539899	0.284646	0.605951	0.610266	0.108211	Bahamas	gnomAD_AFR	enriched	4
17-9612460-G-A	rs6503235	0.457547	0.592105	0.401786	0.432000	0.548156	0.417526	0.607134	0.305583	0.749637	0.718354	0.096203	Bahamas	gnomAD_AFR	enriched	5
10-71351651-C-T	rs780668	0.311321	0.434211	0.383929	0.384000	0.509221	0.416667	0.492167	0.288136	0.767779	0.518354	0.095793	Bahamas	gnomAD_AFR	enriched	6
14-61530508-C-T	rs1088680	0.320755	0.592105	0.392857	0.372000	0.569815	0.432990	0.679518	0.302592	0.865022	0.815190	0.090265	Bahamas	gnomAD_AFR	enriched	7
8-18871986-G-A	rs13263453	0.165094	0.230263	0.312500	0.192000	0.169057	0.201031	0.204365	0.230309	0.108853	0.218274	0.082191	Bahamas	gnomAD_AFR	enriched	8
4-158680524-C-T	rs11559290	0.250000	0.559211	0.211310	0.316000	0.480533	0.239583	0.683012	0.130608	0.859942	0.839240	0.080702	Bahamas	gnomAD_AFR	enriched	9
7-92001306-G-T	rs6964587	0.443396	0.473684	0.583832	0.520000	0.501029	0.421875	0.370120	0.503490	0.411466	0.401899	0.080342	Bahamas	gnomAD_AFR	enriched	10
2-157300849-C-T	rs3214040	0.556604	0.736842	0.641566	0.632000	0.718686	0.536842	0.799590	0.563310	0.940493	0.921519	0.078256	Bahamas	gnomAD_AFR	enriched	11
3-184178853-T-C	rs2231216	0.240566	0.401316	0.247024	0.228000	0.296107	0.237113	0.425181	0.170489	0.490566	0.565823	0.076535	Bahamas	gnomAD_AFR	enriched	12
11-102705644-G-A	rs1939015	0.735849	0.690789	0.764881	0.652000	0.767418	0.757732	0.778313	0.689930	0.825109	0.775316	0.074951	Bahamas	gnomAD_AFR	enriched	13
8-1565843-C-A	rs2301963	0.358491	0.440789	0.413690	0.400000	0.424180	0.437500	0.472142	0.339321	0.460813	0.553232	0.074369	Bahamas	gnomAD_AFR	enriched	14
8-134600352-A-G	rs894343	0.776699	0.740000	0.830357	0.808000	0.755123	0.788660	0.783735	0.756231	0.682874	0.757595	0.074126	Bahamas	gnomAD_AFR	enriched	15
1-94864816-G-A	rs859098	0.462264	0.631579	0.565476	0.540000	0.650615	0.572165	0.753133	0.492522	0.782293	0.786076	0.072954	Bahamas	gnomAD_AFR	enriched	16
9-127091920-G-A	rs2297866	0.165094	0.173333	0.179641	0.204000	0.286885	0.114583	0.294047	0.107677	0.446221	0.303165	0.071964	Bahamas	gnomAD_AFR	enriched	17
12-1860096-T-C	rs10848582	0.141509	0.256579	0.119048	0.132000	0.261270	0.139175	0.330602	0.048355	0.504354	0.365190	0.070693	Bahamas	gnomAD_AFR	enriched	18
9-32418239-G-T	rs2026739	0.504717	0.684211	0.642857	0.584000	0.628074	0.531250	0.672530	0.574277	0.735849	0.729114	0.068580	Bahamas	gnomAD_AFR	enriched	19
11-62598147-A-G	rs11231155	0.202830	0.190789	0.229167	0.236000	0.231557	0.218750	0.199735	0.160679	0.354136	0.237342	0.068488	Bahamas	gnomAD_AFR	enriched	20
17-47810585-G-T	rs2074189	0.481132	0.447368	0.517857	0.480000	0.473361	0.406250	0.416004	0.449651	0.481831	0.451899	0.068206	Bahamas	gnomAD_AFR	enriched	21
3-46358307-T-C	rs1799865	0.311321	0.296053	0.380952	0.368000	0.327869	0.322917	0.326223	0.313061	0.331640	0.364385	0.067891	Bahamas	gnomAD_AFR	enriched	22
16-81937798-T-C	rs1071644	0.113208	0.289474	0.136905	0.164000	0.268443	0.104167	0.324819	0.069292	0.510885	0.407595	0.067613	Bahamas	gnomAD_AFR	enriched	23
5-90855772-G-A	rs2247870	0.226415	0.407895	0.187500	0.208000	0.313525	0.211340	0.469752	0.120638	0.564586	0.520913	0.066862	Bahamas	gnomAD_AFR	enriched	24
2-11160606-C-T	rs2271622	0.221698	0.381579	0.196429	0.224000	0.287910	0.166667	0.392694	0.129611	0.492006	0.493663	0.066818	Bahamas	gnomAD_AFR	enriched	25
19-48965830-T-C	rs2230267	0.000000	0.000000	0.000000	0.000000	0.000000	0.000000	0.469277	0.480060	0.559507	0.393671	-0.480060	Bahamas	gnomAD_AFR	depleted	1
19-9991887-G-A	rs7251451	0.015625	0.007042	0.012579	0.004310	0.002193	0.021505	0.095611	0.287637	0.030479	0.011421	-0.275058	Bahamas	gnomAD_AFR	depleted	2
10-60911547-G-A	rs2271126	0.500000	0.296053	0.458333	0.476000	0.349385	0.510309	0.292048	0.603689	0.121916	0.204430	-0.145356	Bahamas	gnomAD_AFR	depleted	3
6-117397140-A-G	rs9401003	0.542453	0.394737	0.446429	0.540000	0.355533	0.453125	0.340361	0.572782	0.238752	0.253797	-0.126353	Bahamas	gnomAD_AFR	depleted	4
15-92795989-T-C	rs7164758	0.451807	0.268116	0.542208	0.573770	0.398747	0.557292	0.267831	0.662014	0.177794	0.133544	-0.119806	Bahamas	gnomAD_AFR	depleted	5
13-113118845-G-A	rs6046	0.000000	0.000000	0.003012	0.060000	0.001048	0.000000	0.135125	0.122134	0.119013	0.269620	-0.119122	Bahamas	gnomAD_AFR	depleted	6
19-48835841-T-C	rs8110220	0.476415	0.394737	0.505952	0.520000	0.411885	0.625000	0.332651	0.621137	0.257620	0.339241	-0.115185	Bahamas	gnomAD_AFR	depleted	7
17-74473827-G-A	rs2272111	0.646465	0.513333	0.598160	0.657258	0.432851	0.583333	0.339600	0.703390	0.197388	0.257921	-0.105230	Bahamas	gnomAD_AFR	depleted	8
16-11752652-T-G	rs2303822	0.391509	0.263158	0.383929	0.412000	0.260246	0.411458	0.214096	0.489033	0.112482	0.134810	-0.105104	Bahamas	gnomAD_AFR	depleted	9
12-11839234-G-A	rs11611479	0.188119	0.274648	0.121875	0.183333	0.163180	0.202128	0.202217	0.225324	0.118459	0.322785	-0.103449	Bahamas	gnomAD_AFR	depleted	10
2-108378352-C-G	rs1402467	0.764151	0.572368	0.779762	0.788000	0.547131	0.768041	0.403712	0.878863	0.230769	0.421519	-0.099101	Bahamas	gnomAD_AFR	depleted	11
14-102875712-T-C	rs1131877	0.863208	0.559211	0.824405	0.796000	0.629098	0.838542	0.456145	0.918245	0.228592	0.182911	-0.093840	Bahamas	gnomAD_AFR	depleted	12
22-17817474-T-C	rs5992854	0.570423	0.470588	0.603053	0.592593	0.529340	0.618557	0.384819	0.696411	0.384615	0.307595	-0.093358	Bahamas	gnomAD_AFR	depleted	13
6-52479101-T-C	rs1266787	0.198113	0.085526	0.125000	0.168000	0.112705	0.190722	0.068795	0.218345	0.036284	0.013291	-0.093345	Bahamas	gnomAD_AFR	depleted	14
12-28450179-A-G	rs1133028	0.367925	0.190789	0.345238	0.388000	0.241803	0.360825	0.124247	0.436690	0.026851	0.010759	-0.091452	Bahamas	gnomAD_AFR	depleted	15
12-29517571-G-A	rs12227259	0.186275	0.159722	0.168675	0.178862	0.167708	0.156250	0.101325	0.259721	0.003628	0.025316	-0.091046	Bahamas	gnomAD_AFR	depleted	16
10-38055967-G-A	rs12256916	0.016667	0.000000	0.007042	0.000000	0.003386	0.006329	0.029589	0.097707	0.012373	0.001271	-0.090665	Bahamas	gnomAD_AFR	depleted	17
1-11501107-G-A	rs41274528	0.358491	0.289474	0.306548	0.308000	0.229508	0.365979	0.169077	0.395813	0.048692	0.201899	-0.089265	Bahamas	gnomAD_AFR	depleted	18
17-50461674-T-C	rs9674937	0.629808	0.427632	0.613095	0.584000	0.455943	0.613402	0.348638	0.701894	0.272859	0.284810	-0.088799	Bahamas	gnomAD_AFR	depleted	19
13-30735693-C-A	rs4769055	0.816038	0.605263	0.758929	0.712000	0.572746	0.765625	0.546747	0.846959	0.315675	0.500633	-0.088030	Bahamas	gnomAD_AFR	depleted	20
2-71611313-C-T	rs11558179	0.448113	0.289474	0.485119	0.440000	0.306352	0.453125	0.183133	0.572782	0.045718	0.051899	-0.087663	Bahamas	gnomAD_AFR	depleted	21
2-237518551-T-C	rs3751109	0.334906	0.250000	0.303571	0.340000	0.273566	0.338542	0.175542	0.388833	0.129898	0.125316	-0.085262	Bahamas	gnomAD_AFR	depleted	22
2-227109157-T-C	rs58363082	0.466981	0.302632	0.494048	0.480000	0.337782	0.484536	0.282630	0.577345	0.076197	0.178707	-0.083297	Bahamas	gnomAD_AFR	depleted	23
9-104598830-T-C	rs6479259	0.304124	0.193333	0.284173	0.261468	0.133255	0.257143	0.123614	0.367398	0.007983	0.060759	-0.083225	Bahamas	gnomAD_AFR	depleted	24
7-133895694-G-A	rs2042456	0.669811	0.684211	0.645833	0.688000	0.556352	0.682292	0.531566	0.727318	0.425980	0.629114	-0.081485	Bahamas	gnomAD_AFR	depleted	25
5-131165149-A-G	rs4696	0.595745	0.485714	0.583333	0.617021	0.455769	0.369318	0.113614	0.381356	0.039913	0.010127	0.235665	Barbados	gnomAD_AFR	enriched	1
4-158680524-C-T	rs11559290	0.250000	0.559211	0.211310	0.316000	0.480533	0.239583	0.683012	0.130608	0.859942	0.839240	0.185392	Barbados	gnomAD_AFR	enriched	2
17-11883634-T-C	rs8070256	0.231132	0.348684	0.178571	0.262097	0.324795	0.211340	0.393830	0.113161	0.537010	0.524051	0.148936	Barbados	gnomAD_AFR	enriched	3
10-69097096-G-A	rs2229498	0.410377	0.644737	0.333333	0.484000	0.574795	0.437500	0.608916	0.338983	0.849782	0.750000	0.145017	Barbados	gnomAD_AFR	enriched	4
17-9612460-G-A	rs6503235	0.457547	0.592105	0.401786	0.432000	0.548156	0.417526	0.607134	0.305583	0.749637	0.718354	0.126417	Barbados	gnomAD_AFR	enriched	5
7-138732973-A-G	rs3807154	0.509434	0.585526	0.476190	0.540323	0.593429	0.489362	0.682092	0.419242	0.716570	0.737975	0.121081	Barbados	gnomAD_AFR	enriched	6
2-70816329-C-T	rs722896	0.174528	0.240000	0.149701	0.236000	0.221414	0.156250	0.337551	0.118762	0.314223	0.393038	0.117238	Barbados	gnomAD_AFR	enriched	7
4-188139952-G-A	rs13131525	0.226415	0.243421	0.148810	0.224000	0.308402	0.213542	0.273921	0.110169	0.491279	0.294937	0.113831	Barbados	gnomAD_AFR	enriched	8
4-78363540-C-T	rs6835769	0.183962	0.289474	0.169643	0.232000	0.313142	0.221649	0.336949	0.128614	0.533382	0.364557	0.103386	Barbados	gnomAD_AFR	enriched	9
3-38400999-G-A	rs2070488	0.146226	0.394737	0.196429	0.268000	0.311475	0.250000	0.361741	0.165005	0.584302	0.515190	0.102995	Barbados	gnomAD_AFR	enriched	10
21-42485777-C-T	rs2839536	0.122642	0.309211	0.130952	0.172000	0.227835	0.114583	0.278153	0.075274	0.379536	0.284264	0.096726	Barbados	gnomAD_AFR	enriched	11
9-127091920-G-A	rs2297866	0.165094	0.173333	0.179641	0.204000	0.286885	0.114583	0.294047	0.107677	0.446221	0.303165	0.096323	Barbados	gnomAD_AFR	enriched	12
10-71351651-C-T	rs780668	0.311321	0.434211	0.383929	0.384000	0.509221	0.416667	0.492167	0.288136	0.767779	0.518354	0.095864	Barbados	gnomAD_AFR	enriched	13
1-11719705-C-T	rs12117076	0.141509	0.203947	0.113095	0.164000	0.212090	0.104167	0.172771	0.068295	0.338171	0.237342	0.095705	Barbados	gnomAD_AFR	enriched	14
13-41260608-C-T	rs2297555	0.712264	0.657895	0.717262	0.816000	0.735656	0.747423	0.669438	0.720339	0.673440	0.658861	0.095661	Barbados	gnomAD_AFR	enriched	15
16-81937798-T-C	rs1071644	0.113208	0.289474	0.136905	0.164000	0.268443	0.104167	0.324819	0.069292	0.510885	0.407595	0.094708	Barbados	gnomAD_AFR	enriched	16
2-11160606-C-T	rs2271622	0.221698	0.381579	0.196429	0.224000	0.287910	0.166667	0.392694	0.129611	0.492006	0.493663	0.094389	Barbados	gnomAD_AFR	enriched	17
17-34961863-T-G	rs931196	0.740566	0.828947	0.660714	0.770161	0.787910	0.677083	0.889157	0.677468	0.984761	0.941772	0.092693	Barbados	gnomAD_AFR	enriched	18
18-31131556-C-T	rs1789072	0.320755	0.546053	0.306548	0.384000	0.536885	0.390625	0.596024	0.292622	0.814224	0.773418	0.091378	Barbados	gnomAD_AFR	enriched	19
20-63604795-T-C	rs6090471	0.660194	0.608108	0.598802	0.651639	0.702062	0.657895	0.674699	0.560818	0.921626	0.675316	0.090821	Barbados	gnomAD_AFR	enriched	20
22-19196584-T-C	rs1061325	0.287736	0.368421	0.270833	0.308000	0.325820	0.291667	0.413232	0.219840	0.508708	0.596203	0.088160	Barbados	gnomAD_AFR	enriched	21
5-90855772-G-A	rs2247870	0.226415	0.407895	0.187500	0.208000	0.313525	0.211340	0.469752	0.120638	0.564586	0.520913	0.087362	Barbados	gnomAD_AFR	enriched	22
11-11352722-A-G	rs2071460	0.259434	0.394737	0.250000	0.284000	0.353484	0.218750	0.428658	0.197408	0.471698	0.539290	0.086592	Barbados	gnomAD_AFR	enriched	23
11-5343046-G-A	rs4910551	0.297170	0.328947	0.264881	0.336000	0.315574	0.244792	0.320482	0.250249	0.419448	0.391139	0.085751	Barbados	gnomAD_AFR	enriched	24
9-15591374-T-A	rs4741510	0.136792	0.269737	0.071429	0.100000	0.221311	0.061856	0.361258	0.014457	0.428157	0.422589	0.085543	Barbados	gnomAD_AFR	enriched	25
19-48965830-T-C	rs2230267	0.000000	0.000000	0.000000	0.000000	0.000000	0.000000	0.469277	0.480060	0.559507	0.393671	-0.480060	Barbados	gnomAD_AFR	depleted	1
19-9991887-G-A	rs7251451	0.015625	0.007042	0.012579	0.004310	0.002193	0.021505	0.095611	0.287637	0.030479	0.011421	-0.283327	Barbados	gnomAD_AFR	depleted	2
22-37182539-C-T	rs229519	0.537736	0.519737	0.583333	0.500000	0.485656	0.614583	0.471198	0.646560	0.283430	0.392405	-0.146560	Barbados	gnomAD_AFR	depleted	3
1-173487878-C-T	rs4611	0.653465	0.402778	0.636905	0.560000	0.501050	0.567708	0.416004	0.700399	0.224564	0.213291	-0.140399	Barbados	gnomAD_AFR	depleted	4
13-30735693-C-A	rs4769055	0.816038	0.605263	0.758929	0.712000	0.572746	0.765625	0.546747	0.846959	0.315675	0.500633	-0.134959	Barbados	gnomAD_AFR	depleted	5
8-55953893-G-A	rs2227980	0.443396	0.269737	0.428571	0.324000	0.260780	0.371134	0.137590	0.458126	0.021045	0.027848	-0.134126	Barbados	gnomAD_AFR	depleted	6
1-99709114-C-T	rs12145706	0.410377	0.230263	0.377976	0.324000	0.231557	0.302083	0.157019	0.458042	0.042090	0.055767	-0.134042	Barbados	gnomAD_AFR	depleted	7
2-71611313-C-T	rs11558179	0.448113	0.289474	0.485119	0.440000	0.306352	0.453125	0.183133	0.572782	0.045718	0.051899	-0.132782	Barbados	gnomAD_AFR	depleted	8
19-39244466-T-C	rs8103142	0.682353	0.500000	0.655063	0.580508	0.512115	0.641304	0.366803	0.711366	0.327762	0.248734	-0.130858	Barbados	gnomAD_AFR	depleted	9
10-60911547-G-A	rs2271126	0.500000	0.296053	0.458333	0.476000	0.349385	0.510309	0.292048	0.603689	0.121916	0.204430	-0.127689	Barbados	gnomAD_AFR	depleted	10
3-57542776-A-G	rs9311651	0.476415	0.289474	0.535714	0.412000	0.352459	0.479167	0.200964	0.539382	0.135704	0.086076	-0.127382	Barbados	gnomAD_AFR	depleted	11
14-102875712-T-C	rs1131877	0.863208	0.559211	0.824405	0.796000	0.629098	0.838542	0.456145	0.918245	0.228592	0.182911	-0.122245	Barbados	gnomAD_AFR	depleted	12
4-70606709-A-G	rs7680880	0.570755	0.322368	0.604167	0.564000	0.391393	0.572917	0.265606	0.683948	0.073295	0.156329	-0.119948	Barbados	gnomAD_AFR	depleted	13
15-81323988-G-A	rs74028612	0.098958	0.075758	0.174825	0.104348	0.085153	0.173684	0.107711	0.222832	0.050798	0.056962	-0.118484	Barbados	gnomAD_AFR	depleted	14
20-33225117-G-A	rs3818222	0.702830	0.736842	0.773810	0.676000	0.672131	0.721649	0.656581	0.794118	0.519622	0.643853	-0.118118	Barbados	gnomAD_AFR	depleted	15
17-50461674-T-C	rs9674937	0.629808	0.427632	0.613095	0.584000	0.455943	0.613402	0.348638	0.701894	0.272859	0.284810	-0.117894	Barbados	gnomAD_AFR	depleted	16
17-77482399-C-T	rs425139	0.915094	0.651316	0.863095	0.796000	0.713115	0.835052	0.617229	0.913759	0.579100	0.520886	-0.117759	Barbados	gnomAD_AFR	depleted	17
8-6409253-G-A	rs1550697	0.589623	0.486842	0.619048	0.548000	0.434426	0.562500	0.363910	0.665504	0.232221	0.262025	-0.117504	Barbados	gnomAD_AFR	depleted	18
8-30845009-A-C	rs323344	0.745283	0.519737	0.776786	0.732000	0.466189	0.734375	0.303133	0.847956	0.106676	0.196835	-0.115956	Barbados	gnomAD_AFR	depleted	19
3-42527437-T-C	rs2229722	0.400943	0.328947	0.443452	0.344000	0.340862	0.364583	0.362892	0.457627	0.171988	0.302532	-0.113627	Barbados	gnomAD_AFR	depleted	20
5-173123201-C-T	rs1129146	0.339623	0.236842	0.285714	0.244000	0.191992	0.255208	0.149313	0.357428	0.087936	0.144937	-0.113428	Barbados	gnomAD_AFR	depleted	21
1-47189927-C-T	rs11801079	0.265000	0.236842	0.363095	0.264000	0.197125	0.278351	0.120361	0.375872	0.031930	0.062658	-0.111872	Barbados	gnomAD_AFR	depleted	22
5-84064701-C-T	rs2269287	0.254717	0.190789	0.232143	0.152000	0.155031	0.250000	0.134523	0.262213	0.062409	0.121039	-0.110213	Barbados	gnomAD_AFR	depleted	23
10-67891561-T-C	rs36107781	0.216981	0.125000	0.226190	0.152000	0.148566	0.195876	0.072169	0.261715	0.015965	0.007595	-0.109715	Barbados	gnomAD_AFR	depleted	24
16-4337423-A-G	rs8057701	0.146341	0.108333	0.116667	0.075221	0.095905	0.142105	0.062651	0.182453	0.050798	0.009494	-0.107232	Barbados	gnomAD_AFR	depleted	25
4-158680524-C-T	rs11559290	0.250000	0.559211	0.211310	0.316000	0.480533	0.239583	0.683012	0.130608	0.859942	0.839240	0.349925	Bermuda	gnomAD_AFR	enriched	1
14-61530508-C-T	rs1088680	0.320755	0.592105	0.392857	0.372000	0.569815	0.432990	0.679518	0.302592	0.865022	0.815190	0.267223	Bermuda	gnomAD_AFR	enriched	2
3-64541645-T-C	rs1373163	0.240566	0.539474	0.273810	0.288000	0.494877	0.265625	0.536627	0.241775	0.851234	0.774684	0.253102	Bermuda	gnomAD_AFR	enriched	3
18-31131556-C-T	rs1789072	0.320755	0.546053	0.306548	0.384000	0.536885	0.390625	0.596024	0.292622	0.814224	0.773418	0.244263	Bermuda	gnomAD_AFR	enriched	4
1-36100016-G-A	rs274754	0.311321	0.434211	0.446429	0.372000	0.568648	0.317708	0.495662	0.324526	0.795356	0.615190	0.244122	Bermuda	gnomAD_AFR	enriched	5
17-9612460-G-A	rs6503235	0.457547	0.592105	0.401786	0.432000	0.548156	0.417526	0.607134	0.305583	0.749637	0.718354	0.242573	Bermuda	gnomAD_AFR	enriched	6
13-75310080-C-T	rs1062087	0.523585	0.657895	0.452381	0.484000	0.649590	0.505155	0.725904	0.409771	0.876633	0.927848	0.239819	Bermuda	gnomAD_AFR	enriched	7
10-69097096-G-A	rs2229498	0.410377	0.644737	0.333333	0.484000	0.574795	0.437500	0.608916	0.338983	0.849782	0.750000	0.235812	Bermuda	gnomAD_AFR	enriched	8
10-71351651-C-T	rs780668	0.311321	0.434211	0.383929	0.384000	0.509221	0.416667	0.492167	0.288136	0.767779	0.518354	0.221085	Bermuda	gnomAD_AFR	enriched	9
11-8730342-C-G	rs3794153	0.066038	0.197368	0.065868	0.072581	0.229897	0.057292	0.284819	0.012961	0.407837	0.293038	0.216936	Bermuda	gnomAD_AFR	enriched	10
2-162267541-C-T	rs1990760	0.188679	0.355263	0.181548	0.164000	0.339139	0.180412	0.357229	0.124626	0.595065	0.544304	0.214513	Bermuda	gnomAD_AFR	enriched	11
12-1860096-T-C	rs10848582	0.141509	0.256579	0.119048	0.132000	0.261270	0.139175	0.330602	0.048355	0.504354	0.365190	0.212915	Bermuda	gnomAD_AFR	enriched	12
10-17071564-C-T	rs1801225	0.127358	0.282895	0.092262	0.124000	0.263320	0.130208	0.377290	0.050898	0.433237	0.463291	0.212422	Bermuda	gnomAD_AFR	enriched	13
17-11883634-T-C	rs8070256	0.231132	0.348684	0.178571	0.262097	0.324795	0.211340	0.393830	0.113161	0.537010	0.524051	0.211634	Bermuda	gnomAD_AFR	enriched	14
8-32595840-G-A	rs3924999	0.080189	0.236842	0.104167	0.124000	0.269467	0.139175	0.401429	0.059896	0.420149	0.446452	0.209571	Bermuda	gnomAD_AFR	enriched	15
9-15591374-T-A	rs4741510	0.136792	0.269737	0.071429	0.100000	0.221311	0.061856	0.361258	0.014457	0.428157	0.422589	0.206854	Bermuda	gnomAD_AFR	enriched	16
10-30439172-T-C	rs1042058	0.103774	0.184211	0.119048	0.164000	0.286885	0.104167	0.361446	0.085244	0.595791	0.327848	0.201641	Bermuda	gnomAD_AFR	enriched	17
3-14485030-G-A	rs1062540	0.108491	0.157895	0.059524	0.120000	0.256148	0.057292	0.249940	0.054890	0.564586	0.204430	0.201258	Bermuda	gnomAD_AFR	enriched	18
16-81937798-T-C	rs1071644	0.113208	0.289474	0.136905	0.164000	0.268443	0.104167	0.324819	0.069292	0.510885	0.407595	0.199151	Bermuda	gnomAD_AFR	enriched	19
4-188139952-G-A	rs13131525	0.226415	0.243421	0.148810	0.224000	0.308402	0.213542	0.273921	0.110169	0.491279	0.294937	0.198233	Bermuda	gnomAD_AFR	enriched	20
4-184001516-G-A	rs3749534	0.089623	0.309211	0.120482	0.128000	0.254639	0.145833	0.350723	0.059821	0.425980	0.476582	0.194818	Bermuda	gnomAD_AFR	enriched	21
5-90855772-G-A	rs2247870	0.226415	0.407895	0.187500	0.208000	0.313525	0.211340	0.469752	0.120638	0.564586	0.520913	0.192887	Bermuda	gnomAD_AFR	enriched	22
17-9491914-G-A	rs9893664	0.396226	0.546667	0.482143	0.484000	0.644033	0.494792	0.715060	0.451147	0.872279	0.708228	0.192886	Bermuda	gnomAD_AFR	enriched	23
2-58089679-A-G	rs1051061	0.122642	0.210526	0.101190	0.072581	0.248460	0.170103	0.299036	0.059821	0.411466	0.347468	0.188639	Bermuda	gnomAD_AFR	enriched	24
3-193276754-A-G	rs2271791	0.141509	0.263158	0.163690	0.176000	0.286885	0.097938	0.339518	0.099202	0.491292	0.388608	0.187683	Bermuda	gnomAD_AFR	enriched	25
19-48965830-T-C	rs2230267	0.000000	0.000000	0.000000	0.000000	0.000000	0.000000	0.469277	0.480060	0.559507	0.393671	-0.480060	Bermuda	gnomAD_AFR	depleted	1
8-30845009-A-C	rs323344	0.745283	0.519737	0.776786	0.732000	0.466189	0.734375	0.303133	0.847956	0.106676	0.196835	-0.381767	Bermuda	gnomAD_AFR	depleted	2
2-108378352-C-G	rs1402467	0.764151	0.572368	0.779762	0.788000	0.547131	0.768041	0.403712	0.878863	0.230769	0.421519	-0.331732	Bermuda	gnomAD_AFR	depleted	3
13-20512419-T-C	rs7987204	0.712264	0.414474	0.648810	0.648000	0.392197	0.572165	0.307182	0.693918	0.045718	0.183544	-0.301721	Bermuda	gnomAD_AFR	depleted	4
15-41983978-T-C	rs1704348	0.669811	0.532895	0.705357	0.680000	0.465164	0.588542	0.443842	0.762712	0.273585	0.515843	-0.297548	Bermuda	gnomAD_AFR	depleted	5
4-70606709-A-G	rs7680880	0.570755	0.322368	0.604167	0.564000	0.391393	0.572917	0.265606	0.683948	0.073295	0.156329	-0.292555	Bermuda	gnomAD_AFR	depleted	6
14-102875712-T-C	rs1131877	0.863208	0.559211	0.824405	0.796000	0.629098	0.838542	0.456145	0.918245	0.228592	0.182911	-0.289147	Bermuda	gnomAD_AFR	depleted	7
19-9991887-G-A	rs7251451	0.015625	0.007042	0.012579	0.004310	0.002193	0.021505	0.095611	0.287637	0.030479	0.011421	-0.285444	Bermuda	gnomAD_AFR	depleted	8
13-30735693-C-A	rs4769055	0.816038	0.605263	0.758929	0.712000	0.572746	0.765625	0.546747	0.846959	0.315675	0.500633	-0.274213	Bermuda	gnomAD_AFR	depleted	9
17-74473827-G-A	rs2272111	0.646465	0.513333	0.598160	0.657258	0.432851	0.583333	0.339600	0.703390	0.197388	0.257921	-0.270539	Bermuda	gnomAD_AFR	depleted	10
2-71611313-C-T	rs11558179	0.448113	0.289474	0.485119	0.440000	0.306352	0.453125	0.183133	0.572782	0.045718	0.051899	-0.266430	Bermuda	gnomAD_AFR	depleted	11
15-92795989-T-C	rs7164758	0.451807	0.268116	0.542208	0.573770	0.398747	0.557292	0.267831	0.662014	0.177794	0.133544	-0.263267	Bermuda	gnomAD_AFR	depleted	12
10-60911547-G-A	rs2271126	0.500000	0.296053	0.458333	0.476000	0.349385	0.510309	0.292048	0.603689	0.121916	0.204430	-0.254304	Bermuda	gnomAD_AFR	depleted	13
6-88941203-C-A	rs9451108	0.566038	0.381579	0.601796	0.624000	0.431352	0.541667	0.328671	0.679960	0.204644	0.273131	-0.248608	Bermuda	gnomAD_AFR	depleted	14
9-5557708-T-C	rs7854413	0.500000	0.413333	0.598214	0.560000	0.391393	0.619792	0.273976	0.639083	0.120464	0.229747	-0.247690	Bermuda	gnomAD_AFR	depleted	15
17-50461674-T-C	rs9674937	0.629808	0.427632	0.613095	0.584000	0.455943	0.613402	0.348638	0.701894	0.272859	0.284810	-0.245951	Bermuda	gnomAD_AFR	depleted	16
9-93107661-C-T	rs2275849	0.566038	0.289474	0.574405	0.540323	0.355533	0.552083	0.258313	0.599701	0.083454	0.108861	-0.244168	Bermuda	gnomAD_AFR	depleted	17
2-227109157-T-C	rs58363082	0.466981	0.302632	0.494048	0.480000	0.337782	0.484536	0.282630	0.577345	0.076197	0.178707	-0.239563	Bermuda	gnomAD_AFR	depleted	18
9-104598830-T-C	rs6479259	0.304124	0.193333	0.284173	0.261468	0.133255	0.257143	0.123614	0.367398	0.007983	0.060759	-0.234143	Bermuda	gnomAD_AFR	depleted	19
7-93105138-A-G	rs6965201	0.787736	0.605263	0.758929	0.764000	0.597336	0.804124	0.508916	0.830508	0.290276	0.343038	-0.233172	Bermuda	gnomAD_AFR	depleted	20
5-64724414-T-C	rs16879016	0.414286	0.253623	0.435897	0.405983	0.275670	0.406250	0.138313	0.507478	0.010160	0.008861	-0.231808	Bermuda	gnomAD_AFR	depleted	21
8-6409253-G-A	rs1550697	0.589623	0.486842	0.619048	0.548000	0.434426	0.562500	0.363910	0.665504	0.232221	0.262025	-0.231078	Bermuda	gnomAD_AFR	depleted	22
14-94587512-T-C	rs6113	0.537736	0.381579	0.607143	0.532000	0.393443	0.526042	0.265847	0.624128	0.092163	0.111392	-0.230685	Bermuda	gnomAD_AFR	depleted	23
16-11752652-T-G	rs2303822	0.391509	0.263158	0.383929	0.412000	0.260246	0.411458	0.214096	0.489033	0.112482	0.134810	-0.228787	Bermuda	gnomAD_AFR	depleted	24
1-99709114-C-T	rs12145706	0.410377	0.230263	0.377976	0.324000	0.231557	0.302083	0.157019	0.458042	0.042090	0.055767	-0.226485	Bermuda	gnomAD_AFR	depleted	25
10-119326585-A-T	rs2230345	0.410959	0.228070	0.406504	0.350962	0.255418	0.427083	0.096386	0.295115	0.013062	0.070886	0.131968	StLucia	gnomAD_AFR	enriched	1
14-61530508-C-T	rs1088680	0.320755	0.592105	0.392857	0.372000	0.569815	0.432990	0.679518	0.302592	0.865022	0.815190	0.130398	StLucia	gnomAD_AFR	enriched	2
10-71351651-C-T	rs780668	0.311321	0.434211	0.383929	0.384000	0.509221	0.416667	0.492167	0.288136	0.767779	0.518354	0.128531	StLucia	gnomAD_AFR	enriched	3
15-101384341-C-T	rs1135911	0.061321	0.098684	0.104167	0.092000	0.102459	0.182292	0.138072	0.057328	0.113208	0.188608	0.124964	StLucia	gnomAD_AFR	enriched	4
10-113574365-C-T	rs3740530	0.330189	0.453947	0.392857	0.352000	0.464139	0.396907	0.539899	0.284646	0.605951	0.610266	0.112261	StLucia	gnomAD_AFR	enriched	5
17-9612460-G-A	rs6503235	0.457547	0.592105	0.401786	0.432000	0.548156	0.417526	0.607134	0.305583	0.749637	0.718354	0.111943	StLucia	gnomAD_AFR	enriched	6
4-1000664-C-T	rs3755954	0.192308	0.138158	0.202381	0.215447	0.219008	0.270833	0.164578	0.160518	0.259071	0.070886	0.110315	StLucia	gnomAD_AFR	enriched	7
2-58089679-A-G	rs1051061	0.122642	0.210526	0.101190	0.072581	0.248460	0.170103	0.299036	0.059821	0.411466	0.347468	0.110282	StLucia	gnomAD_AFR	enriched	8
4-158680524-C-T	rs11559290	0.250000	0.559211	0.211310	0.316000	0.480533	0.239583	0.683012	0.130608	0.859942	0.839240	0.108975	StLucia	gnomAD_AFR	enriched	9
21-31995875-T-C	rs2070371	0.688679	0.671053	0.642857	0.732000	0.723819	0.770833	0.700361	0.663011	0.754717	0.748101	0.107822	StLucia	gnomAD_AFR	enriched	10
1-53910028-C-T	rs11206244	0.216981	0.289474	0.184524	0.136000	0.240779	0.247423	0.313208	0.140578	0.349057	0.472785	0.106845	StLucia	gnomAD_AFR	enriched	11
1-94892540-A-G	rs859063	0.363208	0.394737	0.375000	0.376000	0.447639	0.416667	0.459147	0.310568	0.604499	0.468987	0.106099	StLucia	gnomAD_AFR	enriched	12
4-188139952-G-A	rs13131525	0.226415	0.243421	0.148810	0.224000	0.308402	0.213542	0.273921	0.110169	0.491279	0.294937	0.103373	StLucia	gnomAD_AFR	enriched	13
10-69097096-G-A	rs2229498	0.410377	0.644737	0.333333	0.484000	0.574795	0.437500	0.608916	0.338983	0.849782	0.750000	0.098517	StLucia	gnomAD_AFR	enriched	14
8-1565843-C-A	rs2301963	0.358491	0.440789	0.413690	0.400000	0.424180	0.437500	0.472142	0.339321	0.460813	0.553232	0.098179	StLucia	gnomAD_AFR	enriched	15
17-11883634-T-C	rs8070256	0.231132	0.348684	0.178571	0.262097	0.324795	0.211340	0.393830	0.113161	0.537010	0.524051	0.098179	StLucia	gnomAD_AFR	enriched	16
10-30017875-G-A	rs2478839	0.142857	0.184211	0.116766	0.148000	0.254115	0.182292	0.276827	0.084247	0.433962	0.292405	0.098045	StLucia	gnomAD_AFR	enriched	17
18-31131556-C-T	rs1789072	0.320755	0.546053	0.306548	0.384000	0.536885	0.390625	0.596024	0.292622	0.814224	0.773418	0.098003	StLucia	gnomAD_AFR	enriched	18
20-63604795-T-C	rs6090471	0.660194	0.608108	0.598802	0.651639	0.702062	0.657895	0.674699	0.560818	0.921626	0.675316	0.097077	StLucia	gnomAD_AFR	enriched	19
13-75310080-C-T	rs1062087	0.523585	0.657895	0.452381	0.484000	0.649590	0.505155	0.725904	0.409771	0.876633	0.927848	0.095384	StLucia	gnomAD_AFR	enriched	20
7-113878379-C-A	rs1799999	0.183962	0.368421	0.193452	0.200000	0.202869	0.265625	0.305522	0.171984	0.087209	0.397972	0.093641	StLucia	gnomAD_AFR	enriched	21
4-78363540-C-T	rs6835769	0.183962	0.289474	0.169643	0.232000	0.313142	0.221649	0.336949	0.128614	0.533382	0.364557	0.093035	StLucia	gnomAD_AFR	enriched	22
7-44243278-A-G	rs11542227	0.094340	0.177632	0.122024	0.152000	0.217213	0.190722	0.214819	0.097707	0.373004	0.293038	0.093015	StLucia	gnomAD_AFR	enriched	23
5-180338467-C-T	rs55946431	0.342857	0.400000	0.357576	0.394068	0.460722	0.421875	0.472403	0.331007	0.597242	0.430925	0.090868	StLucia	gnomAD_AFR	enriched	24
12-1860096-T-C	rs10848582	0.141509	0.256579	0.119048	0.132000	0.261270	0.139175	0.330602	0.048355	0.504354	0.365190	0.090820	StLucia	gnomAD_AFR	enriched	25
19-48965830-T-C	rs2230267	0.000000	0.000000	0.000000	0.000000	0.000000	0.000000	0.469277	0.480060	0.559507	0.393671	-0.480060	StLucia	gnomAD_AFR	depleted	1
19-9991887-G-A	rs7251451	0.015625	0.007042	0.012579	0.004310	0.002193	0.021505	0.095611	0.287637	0.030479	0.011421	-0.266132	StLucia	gnomAD_AFR	depleted	2
15-41983978-T-C	rs1704348	0.669811	0.532895	0.705357	0.680000	0.465164	0.588542	0.443842	0.762712	0.273585	0.515843	-0.174170	StLucia	gnomAD_AFR	depleted	3
1-99709114-C-T	rs12145706	0.410377	0.230263	0.377976	0.324000	0.231557	0.302083	0.157019	0.458042	0.042090	0.055767	-0.155959	StLucia	gnomAD_AFR	depleted	4
9-110201422-G-A	rs4978888	0.287736	0.309211	0.300595	0.316000	0.244877	0.203125	0.209689	0.347956	0.162554	0.213561	-0.144831	StLucia	gnomAD_AFR	depleted	5
5-158699174-C-T	rs76807040	0.292453	0.171053	0.354167	0.404000	0.256148	0.276042	0.118593	0.416168	0.009448	0.018448	-0.140126	StLucia	gnomAD_AFR	depleted	6
6-88941203-C-A	rs9451108	0.566038	0.381579	0.601796	0.624000	0.431352	0.541667	0.328671	0.679960	0.204644	0.273131	-0.138293	StLucia	gnomAD_AFR	depleted	7
1-173487878-C-T	rs4611	0.653465	0.402778	0.636905	0.560000	0.501050	0.567708	0.416004	0.700399	0.224564	0.213291	-0.132691	StLucia	gnomAD_AFR	depleted	8
6-166498574-C-T	rs2230732	0.457547	0.309211	0.532738	0.508000	0.348361	0.401042	0.196386	0.528913	0.087083	0.099367	-0.127871	StLucia	gnomAD_AFR	depleted	9
4-153558278-T-C	rs6848033	0.702830	0.697368	0.782738	0.740000	0.607582	0.703125	0.575663	0.826022	0.344702	0.480380	-0.122897	StLucia	gnomAD_AFR	depleted	10
13-113118845-G-A	rs6046	0.000000	0.000000	0.003012	0.060000	0.001048	0.000000	0.135125	0.122134	0.119013	0.269620	-0.122134	StLucia	gnomAD_AFR	depleted	11
13-20512419-T-C	rs7987204	0.712264	0.414474	0.648810	0.648000	0.392197	0.572165	0.307182	0.693918	0.045718	0.183544	-0.121753	StLucia	gnomAD_AFR	depleted	12
22-50289633-T-C	rs28379706	0.723810	0.473684	0.675595	0.640000	0.522541	0.578125	0.439639	0.698405	0.383164	0.207595	-0.120280	StLucia	gnomAD_AFR	depleted	13
1-171258077-T-C	rs10912675	0.674528	0.572368	0.690476	0.680000	0.549281	0.651042	0.410559	0.771186	0.301161	0.381345	-0.120144	StLucia	gnomAD_AFR	depleted	14
17-74473827-G-A	rs2272111	0.646465	0.513333	0.598160	0.657258	0.432851	0.583333	0.339600	0.703390	0.197388	0.257921	-0.120057	StLucia	gnomAD_AFR	depleted	15
6-117397140-A-G	rs9401003	0.542453	0.394737	0.446429	0.540000	0.355533	0.453125	0.340361	0.572782	0.238752	0.253797	-0.119657	StLucia	gnomAD_AFR	depleted	16
2-71611313-C-T	rs11558179	0.448113	0.289474	0.485119	0.440000	0.306352	0.453125	0.183133	0.572782	0.045718	0.051899	-0.119657	StLucia	gnomAD_AFR	depleted	17
9-33240227-G-A	rs706107	0.622642	0.460526	0.684524	0.633065	0.514433	0.603093	0.373133	0.721834	0.232946	0.271519	-0.118741	StLucia	gnomAD_AFR	depleted	18
15-40854682-T-C	rs8028552	0.589623	0.381579	0.577381	0.504000	0.392418	0.453125	0.267181	0.570788	0.188679	0.159696	-0.117663	StLucia	gnomAD_AFR	depleted	19
19-8302825-C-T	rs2336573	0.301887	0.197368	0.336310	0.284000	0.199795	0.229167	0.124488	0.345962	0.037736	0.046203	-0.116795	StLucia	gnomAD_AFR	depleted	20
6-35462909-G-A	rs9462088	0.353774	0.243421	0.348214	0.344000	0.244877	0.307292	0.176145	0.423230	0.037010	0.166456	-0.115938	StLucia	gnomAD_AFR	depleted	21
1-68046758-A-G	rs61736596	0.183962	0.105263	0.250000	0.252000	0.176230	0.187500	0.093735	0.301097	0.044267	0.017089	-0.113597	StLucia	gnomAD_AFR	depleted	22
8-30845009-A-C	rs323344	0.745283	0.519737	0.776786	0.732000	0.466189	0.734375	0.303133	0.847956	0.106676	0.196835	-0.113581	StLucia	gnomAD_AFR	depleted	23
13-25469044-A-C	rs7317185	0.334906	0.177632	0.306548	0.316000	0.268994	0.244792	0.201374	0.357428	0.200290	0.138608	-0.112636	StLucia	gnomAD_AFR	depleted	24
3-3037156-C-T	rs9820464	0.273585	0.144737	0.321429	0.344000	0.246926	0.242105	0.144940	0.354437	0.095065	0.086076	-0.112332	StLucia	gnomAD_AFR	depleted	25
5-131165149-A-G	rs4696	0.595745	0.485714	0.583333	0.617021	0.455769	0.369318	0.113614	0.381356	0.039913	0.010127	0.482131	BVI	gnomAD_global	enriched	1
8-30845009-A-C	rs323344	0.745283	0.519737	0.776786	0.732000	0.466189	0.734375	0.303133	0.847956	0.106676	0.196835	0.442150	BVI	gnomAD_global	enriched	2
14-102875712-T-C	rs1131877	0.863208	0.559211	0.824405	0.796000	0.629098	0.838542	0.456145	0.918245	0.228592	0.182911	0.407063	BVI	gnomAD_global	enriched	3
13-20512419-T-C	rs7987204	0.712264	0.414474	0.648810	0.648000	0.392197	0.572165	0.307182	0.693918	0.045718	0.183544	0.405082	BVI	gnomAD_global	enriched	4
12-1444631-A-G	rs12319376	0.584906	0.342105	0.619048	0.552000	0.380123	0.578125	0.180000	0.604686	0.063135	0.039873	0.404906	BVI	gnomAD_global	enriched	5
2-108378352-C-G	rs1402467	0.764151	0.572368	0.779762	0.788000	0.547131	0.768041	0.403712	0.878863	0.230769	0.421519	0.360439	BVI	gnomAD_global	enriched	6
1-159205564-G-A	rs12075	0.877358	0.618421	0.940476	0.904000	0.776639	0.896907	0.533261	0.982054	0.616110	0.378327	0.344097	BVI	gnomAD_global	enriched	7
8-75540078-G-A	rs2943549	0.933962	0.769737	0.904762	0.880000	0.768443	0.886598	0.600530	0.953141	0.567489	0.504436	0.333432	BVI	gnomAD_global	enriched	8
18-31339816-A-C	rs8091003	0.547170	0.401316	0.482143	0.504000	0.354508	0.473958	0.215474	0.534397	0.085631	0.186709	0.331696	BVI	gnomAD_global	enriched	9
10-114959784-G-A	rs7099565	0.745283	0.519737	0.750000	0.712000	0.606776	0.829897	0.421408	0.794616	0.465893	0.380862	0.323875	BVI	gnomAD_global	enriched	10
15-40854682-T-C	rs8028552	0.589623	0.381579	0.577381	0.504000	0.392418	0.453125	0.267181	0.570788	0.188679	0.159696	0.322442	BVI	gnomAD_global	enriched	11
10-54195725-A-G	rs7921598	0.561321	0.355263	0.497024	0.440000	0.364476	0.520619	0.243914	0.533898	0.132075	0.190506	0.317407	BVI	gnomAD_global	enriched	12
19-39244466-T-C	rs8103142	0.682353	0.500000	0.655063	0.580508	0.512115	0.641304	0.366803	0.711366	0.327762	0.248734	0.315550	BVI	gnomAD_global	enriched	13
1-201386633-A-G	rs12088790	0.434343	0.201493	0.380368	0.282787	0.212656	0.335052	0.118916	0.374377	0.026851	0.025316	0.315427	BVI	gnomAD_global	enriched	14
10-119326585-A-T	rs2230345	0.410959	0.228070	0.406504	0.350962	0.255418	0.427083	0.096386	0.295115	0.013062	0.070886	0.314573	BVI	gnomAD_global	enriched	15
5-75028723-G-A	rs3811987	0.726415	0.513158	0.669643	0.668000	0.527664	0.701031	0.418434	0.749751	0.272859	0.339241	0.307981	BVI	gnomAD_global	enriched	16
9-93107661-C-T	rs2275849	0.566038	0.289474	0.574405	0.540323	0.355533	0.552083	0.258313	0.599701	0.083454	0.108861	0.307725	BVI	gnomAD_global	enriched	17
17-74473827-G-A	rs2272111	0.646465	0.513333	0.598160	0.657258	0.432851	0.583333	0.339600	0.703390	0.197388	0.257921	0.306865	BVI	gnomAD_global	enriched	18
8-55953893-G-A	rs2227980	0.443396	0.269737	0.428571	0.324000	0.260780	0.371134	0.137590	0.458126	0.021045	0.027848	0.305806	BVI	gnomAD_global	enriched	19
4-70606709-A-G	rs7680880	0.570755	0.322368	0.604167	0.564000	0.391393	0.572917	0.265606	0.683948	0.073295	0.156329	0.305149	BVI	gnomAD_global	enriched	20
17-77482399-C-T	rs425139	0.915094	0.651316	0.863095	0.796000	0.713115	0.835052	0.617229	0.913759	0.579100	0.520886	0.297865	BVI	gnomAD_global	enriched	21
22-50289633-T-C	rs28379706	0.723810	0.473684	0.675595	0.640000	0.522541	0.578125	0.439639	0.698405	0.383164	0.207595	0.284171	BVI	gnomAD_global	enriched	22
16-53470022-G-A	rs1131220	0.787736	0.644737	0.807229	0.782258	0.643737	0.778351	0.503976	0.853440	0.502177	0.481646	0.283760	BVI	gnomAD_global	enriched	23
17-50461674-T-C	rs9674937	0.629808	0.427632	0.613095	0.584000	0.455943	0.613402	0.348638	0.701894	0.272859	0.284810	0.281170	BVI	gnomAD_global	enriched	24
7-93105138-A-G	rs6965201	0.787736	0.605263	0.758929	0.764000	0.597336	0.804124	0.508916	0.830508	0.290276	0.343038	0.278820	BVI	gnomAD_global	enriched	25
19-48965830-T-C	rs2230267	0.000000	0.000000	0.000000	0.000000	0.000000	0.000000	0.469277	0.480060	0.559507	0.393671	-0.469277	BVI	gnomAD_global	depleted	1
4-158680524-C-T	rs11559290	0.250000	0.559211	0.211310	0.316000	0.480533	0.239583	0.683012	0.130608	0.859942	0.839240	-0.433012	BVI	gnomAD_global	depleted	2
14-61530508-C-T	rs1088680	0.320755	0.592105	0.392857	0.372000	0.569815	0.432990	0.679518	0.302592	0.865022	0.815190	-0.358763	BVI	gnomAD_global	depleted	3
8-32595840-G-A	rs3924999	0.080189	0.236842	0.104167	0.124000	0.269467	0.139175	0.401429	0.059896	0.420149	0.446452	-0.321240	BVI	gnomAD_global	depleted	4
17-9491914-G-A	rs9893664	0.396226	0.546667	0.482143	0.484000	0.644033	0.494792	0.715060	0.451147	0.872279	0.708228	-0.318834	BVI	gnomAD_global	depleted	5
15-55628815-T-C	rs7165971	0.117925	0.328947	0.074405	0.084000	0.181352	0.082474	0.421890	0.022931	0.312046	0.553232	-0.303965	BVI	gnomAD_global	depleted	6
3-64541645-T-C	rs1373163	0.240566	0.539474	0.273810	0.288000	0.494877	0.265625	0.536627	0.241775	0.851234	0.774684	-0.296061	BVI	gnomAD_global	depleted	7
1-94864816-G-A	rs859098	0.462264	0.631579	0.565476	0.540000	0.650615	0.572165	0.753133	0.492522	0.782293	0.786076	-0.290869	BVI	gnomAD_global	depleted	8
18-31131556-C-T	rs1789072	0.320755	0.546053	0.306548	0.384000	0.536885	0.390625	0.596024	0.292622	0.814224	0.773418	-0.275269	BVI	gnomAD_global	depleted	9
1-204974819-C-A	rs2246662	0.198113	0.434211	0.221557	0.228000	0.300821	0.213542	0.470681	0.184870	0.392598	0.620886	-0.272568	BVI	gnomAD_global	depleted	10
6-116003979-C-T	rs3756772	0.188679	0.368421	0.202381	0.212000	0.327515	0.216495	0.459990	0.176471	0.425254	0.566456	-0.271311	BVI	gnomAD_global	depleted	11
2-29143964-A-G	rs3213947	0.174528	0.460526	0.235119	0.236000	0.290984	0.265625	0.444793	0.181456	0.367199	0.511407	-0.270265	BVI	gnomAD_global	depleted	12
4-184001516-G-A	rs3749534	0.089623	0.309211	0.120482	0.128000	0.254639	0.145833	0.350723	0.059821	0.425980	0.476582	-0.261100	BVI	gnomAD_global	depleted	13
10-30439172-T-C	rs1042058	0.103774	0.184211	0.119048	0.164000	0.286885	0.104167	0.361446	0.085244	0.595791	0.327848	-0.257672	BVI	gnomAD_global	depleted	14
10-59654253-G-T	rs2242206	0.089623	0.322368	0.101190	0.112000	0.179303	0.097938	0.341084	0.069791	0.232221	0.488608	-0.251461	BVI	gnomAD_global	depleted	15
10-17071564-C-T	rs1801225	0.127358	0.282895	0.092262	0.124000	0.263320	0.130208	0.377290	0.050898	0.433237	0.463291	-0.249932	BVI	gnomAD_global	depleted	16
5-90855772-G-A	rs2247870	0.226415	0.407895	0.187500	0.208000	0.313525	0.211340	0.469752	0.120638	0.564586	0.520913	-0.243337	BVI	gnomAD_global	depleted	17
2-157300849-C-T	rs3214040	0.556604	0.736842	0.641566	0.632000	0.718686	0.536842	0.799590	0.563310	0.940493	0.921519	-0.242986	BVI	gnomAD_global	depleted	18
6-41350700-A-G	rs2273962	0.500000	0.644737	0.535714	0.536000	0.650924	0.541237	0.736867	0.500499	0.782293	0.756962	-0.236867	BVI	gnomAD_global	depleted	19
3-179754886-C-T	rs2287240	0.226415	0.493421	0.244048	0.260000	0.369877	0.255208	0.458434	0.190429	0.518142	0.550000	-0.232019	BVI	gnomAD_global	depleted	20
11-69648142-G-A	rs9344	0.187500	0.440789	0.182927	0.210084	0.294956	0.218750	0.415642	0.176969	0.507257	0.511392	-0.228142	BVI	gnomAD_global	depleted	21
9-15591374-T-A	rs4741510	0.136792	0.269737	0.071429	0.100000	0.221311	0.061856	0.361258	0.014457	0.428157	0.422589	-0.224466	BVI	gnomAD_global	depleted	22
1-203183673-T-C	rs880633	0.141509	0.355263	0.208333	0.232000	0.335041	0.247423	0.364217	0.169492	0.530479	0.466456	-0.222708	BVI	gnomAD_global	depleted	23
11-8730342-C-G	rs3794153	0.066038	0.197368	0.065868	0.072581	0.229897	0.057292	0.284819	0.012961	0.407837	0.293038	-0.218781	BVI	gnomAD_global	depleted	24
14-62802599-T-C	rs12588427	0.264151	0.434211	0.276786	0.284000	0.331967	0.319588	0.482397	0.257727	0.430334	0.586819	-0.218246	BVI	gnomAD_global	depleted	25
5-131165149-A-G	rs4696	0.595745	0.485714	0.583333	0.617021	0.455769	0.369318	0.113614	0.381356	0.039913	0.010127	0.372100	TT	gnomAD_global	enriched	1
19-40843845-C-A	rs5031017	0.141509	0.243421	0.145833	0.172000	0.211499	0.149485	0.023757	0.000998	0.001458	0.023107	0.219664	TT	gnomAD_global	enriched	2
8-30845009-A-C	rs323344	0.745283	0.519737	0.776786	0.732000	0.466189	0.734375	0.303133	0.847956	0.106676	0.196835	0.216604	TT	gnomAD_global	enriched	3
4-114827849-C-T	rs6843860	0.524038	0.500000	0.550898	0.520161	0.366460	0.520833	0.299156	0.565369	0.153120	0.280380	0.200844	TT	gnomAD_global	enriched	4
18-31339816-A-C	rs8091003	0.547170	0.401316	0.482143	0.504000	0.354508	0.473958	0.215474	0.534397	0.085631	0.186709	0.185842	TT	gnomAD_global	enriched	5
17-74473827-G-A	rs2272111	0.646465	0.513333	0.598160	0.657258	0.432851	0.583333	0.339600	0.703390	0.197388	0.257921	0.173733	TT	gnomAD_global	enriched	6
8-75540078-G-A	rs2943549	0.933962	0.769737	0.904762	0.880000	0.768443	0.886598	0.600530	0.953141	0.567489	0.504436	0.169207	TT	gnomAD_global	enriched	7
15-42728785-G-A	rs8023524	0.429245	0.426667	0.476048	0.432000	0.339836	0.468750	0.257711	0.491027	0.181422	0.361392	0.168956	TT	gnomAD_global	enriched	8
2-108378352-C-G	rs1402467	0.764151	0.572368	0.779762	0.788000	0.547131	0.768041	0.403712	0.878863	0.230769	0.421519	0.168656	TT	gnomAD_global	enriched	9
12-1444631-A-G	rs12319376	0.584906	0.342105	0.619048	0.552000	0.380123	0.578125	0.180000	0.604686	0.063135	0.039873	0.162105	TT	gnomAD_global	enriched	10
1-171258077-T-C	rs10912675	0.674528	0.572368	0.690476	0.680000	0.549281	0.651042	0.410559	0.771186	0.301161	0.381345	0.161809	TT	gnomAD_global	enriched	11
10-71322806-A-G	rs2277257	0.669811	0.618421	0.669643	0.624000	0.539959	0.692708	0.461446	0.710867	0.377358	0.436076	0.156975	TT	gnomAD_global	enriched	12
9-131052491-A-G	rs10901333	0.509434	0.618421	0.520833	0.532000	0.505123	0.484375	0.463976	0.544367	0.503628	0.467089	0.154445	TT	gnomAD_global	enriched	13
5-5262653-G-A	rs34433845	0.250000	0.375000	0.226190	0.244000	0.239754	0.273196	0.221566	0.261216	0.259797	0.272785	0.153434	TT	gnomAD_global	enriched	14
7-133895694-G-A	rs2042456	0.669811	0.684211	0.645833	0.688000	0.556352	0.682292	0.531566	0.727318	0.425980	0.629114	0.152645	TT	gnomAD_global	enriched	15
8-132971813-C-T	rs2076740	0.490566	0.473684	0.529762	0.484000	0.447746	0.526042	0.327308	0.530409	0.364099	0.262025	0.146376	TT	gnomAD_global	enriched	16
19-41206519-A-G	rs338583	0.542453	0.460000	0.625000	0.516129	0.437500	0.561856	0.318390	0.579761	0.303338	0.208492	0.141610	TT	gnomAD_global	enriched	17
16-53470022-G-A	rs1131220	0.787736	0.644737	0.807229	0.782258	0.643737	0.778351	0.503976	0.853440	0.502177	0.481646	0.140761	TT	gnomAD_global	enriched	18
9-5557708-T-C	rs7854413	0.500000	0.413333	0.598214	0.560000	0.391393	0.619792	0.273976	0.639083	0.120464	0.229747	0.139357	TT	gnomAD_global	enriched	19
3-174279363-G-A	rs7646919	0.297170	0.322368	0.200599	0.292000	0.211499	0.242268	0.189036	0.232303	0.187228	0.237975	0.133332	TT	gnomAD_global	enriched	20
19-39244466-T-C	rs8103142	0.682353	0.500000	0.655063	0.580508	0.512115	0.641304	0.366803	0.711366	0.327762	0.248734	0.133197	TT	gnomAD_global	enriched	21
8-55953893-G-A	rs2227980	0.443396	0.269737	0.428571	0.324000	0.260780	0.371134	0.137590	0.458126	0.021045	0.027848	0.132147	TT	gnomAD_global	enriched	22
10-119326585-A-T	rs2230345	0.410959	0.228070	0.406504	0.350962	0.255418	0.427083	0.096386	0.295115	0.013062	0.070886	0.131684	TT	gnomAD_global	enriched	23
2-44704381-C-T	rs343989	0.448113	0.355263	0.428571	0.408000	0.320329	0.416667	0.226725	0.476072	0.189229	0.231646	0.128538	TT	gnomAD_global	enriched	24
3-184373361-G-T	rs6142	0.504717	0.500000	0.589286	0.628000	0.478484	0.625000	0.372017	0.613160	0.419331	0.400000	0.127983	TT	gnomAD_global	enriched	25
19-48965830-T-C	rs2230267	0.000000	0.000000	0.000000	0.000000	0.000000	0.000000	0.469277	0.480060	0.559507	0.393671	-0.469277	TT	gnomAD_global	depleted	1
1-53210776-G-A	rs1799821	0.207547	0.210526	0.309524	0.276000	0.377049	0.260417	0.417209	0.243270	0.521771	0.259823	-0.206683	TT	gnomAD_global	depleted	2
15-64816280-T-C	rs8036568	0.150943	0.105263	0.089286	0.092000	0.148566	0.093750	0.282682	0.108674	0.114826	0.170685	-0.177419	TT	gnomAD_global	depleted	3
10-30439172-T-C	rs1042058	0.103774	0.184211	0.119048	0.164000	0.286885	0.104167	0.361446	0.085244	0.595791	0.327848	-0.177235	TT	gnomAD_global	depleted	4
17-9491914-G-A	rs9893664	0.396226	0.546667	0.482143	0.484000	0.644033	0.494792	0.715060	0.451147	0.872279	0.708228	-0.168393	TT	gnomAD_global	depleted	5
8-32595840-G-A	rs3924999	0.080189	0.236842	0.104167	0.124000	0.269467	0.139175	0.401429	0.059896	0.420149	0.446452	-0.164587	TT	gnomAD_global	depleted	6
1-158615440-C-T	rs2518491	0.094340	0.085526	0.098214	0.108000	0.180328	0.130208	0.247650	0.057827	0.269622	0.187342	-0.162124	TT	gnomAD_global	depleted	7
16-10761484-C-T	rs2233539	0.113208	0.125000	0.095238	0.104000	0.179671	0.119792	0.275193	0.080758	0.292453	0.212294	-0.150193	TT	gnomAD_global	depleted	8
13-113118845-G-A	rs6046	0.000000	0.000000	0.003012	0.060000	0.001048	0.000000	0.135125	0.122134	0.119013	0.269620	-0.135125	TT	gnomAD_global	depleted	9
19-39705987-G-A	rs72480733	0.028302	0.026316	0.047619	0.012000	0.039959	0.036082	0.155904	0.021436	0.053701	0.097468	-0.129588	TT	gnomAD_global	depleted	10
7-93426441-A-G	rs1801197	0.528302	0.406667	0.482143	0.476000	0.428279	0.505208	0.534699	0.550847	0.290276	0.517089	-0.128032	TT	gnomAD_global	depleted	11
8-21693288-A-T	rs1128397	0.311321	0.243421	0.339286	0.384000	0.379098	0.307292	0.367253	0.324526	0.409157	0.368354	-0.123832	TT	gnomAD_global	depleted	12
4-158680524-C-T	rs11559290	0.250000	0.559211	0.211310	0.316000	0.480533	0.239583	0.683012	0.130608	0.859942	0.839240	-0.123801	TT	gnomAD_global	depleted	13
1-94864816-G-A	rs859098	0.462264	0.631579	0.565476	0.540000	0.650615	0.572165	0.753133	0.492522	0.782293	0.786076	-0.121554	TT	gnomAD_global	depleted	14
9-127091920-G-A	rs2297866	0.165094	0.173333	0.179641	0.204000	0.286885	0.114583	0.294047	0.107677	0.446221	0.303165	-0.120714	TT	gnomAD_global	depleted	15
19-41006887-C-T	rs4803419	0.132075	0.177632	0.110778	0.137097	0.178423	0.113402	0.298193	0.079761	0.310595	0.354430	-0.120561	TT	gnomAD_global	depleted	16
22-37725145-C-A	rs9610841	0.226415	0.223684	0.211310	0.196000	0.316598	0.197917	0.344142	0.147557	0.403343	0.325949	-0.120458	TT	gnomAD_global	depleted	17
3-120781246-C-T	rs3732401	0.028302	0.052632	0.011905	0.008000	0.052254	0.020619	0.171005	0.006979	0.040639	0.082278	-0.118373	TT	gnomAD_global	depleted	18
1-77926761-G-A	rs1166698	0.047170	0.039474	0.041667	0.048000	0.103909	0.067010	0.154013	0.008475	0.206821	0.084810	-0.114539	TT	gnomAD_global	depleted	19
17-75093611-G-A	rs4789134	0.047368	0.139706	0.064103	0.061947	0.138955	0.097826	0.252410	0.042871	0.375907	0.411392	-0.112704	TT	gnomAD_global	depleted	20
16-72014433-T-C	rs3764310	0.297170	0.282895	0.264881	0.312000	0.279713	0.218750	0.395396	0.244766	0.313498	0.269328	-0.112501	TT	gnomAD_global	depleted	21
11-61776027-T-C	rs174528	0.457547	0.328947	0.482143	0.420000	0.474385	0.447917	0.440347	0.470090	0.356831	0.199367	-0.111400	TT	gnomAD_global	depleted	22
11-27340812-T-G	rs17244028	0.113208	0.059211	0.098214	0.096000	0.191598	0.092784	0.168595	0.048853	0.336483	0.153165	-0.109384	TT	gnomAD_global	depleted	23
18-75202325-G-A	rs7230037	0.113208	0.197368	0.116071	0.092000	0.205943	0.114583	0.306218	0.054337	0.415698	0.252532	-0.108850	TT	gnomAD_global	depleted	24
5-7802250-C-T	rs2290910	0.117925	0.138158	0.131737	0.160000	0.197125	0.125000	0.245540	0.117764	0.271408	0.192405	-0.107382	TT	gnomAD_global	depleted	25
8-30845009-A-C	rs323344	0.745283	0.519737	0.776786	0.732000	0.466189	0.734375	0.303133	0.847956	0.106676	0.196835	0.473653	Bahamas	gnomAD_global	enriched	1
5-131165149-A-G	rs4696	0.595745	0.485714	0.583333	0.617021	0.455769	0.369318	0.113614	0.381356	0.039913	0.010127	0.469719	Bahamas	gnomAD_global	enriched	2
12-1444631-A-G	rs12319376	0.584906	0.342105	0.619048	0.552000	0.380123	0.578125	0.180000	0.604686	0.063135	0.039873	0.439048	Bahamas	gnomAD_global	enriched	3
1-159205564-G-A	rs12075	0.877358	0.618421	0.940476	0.904000	0.776639	0.896907	0.533261	0.982054	0.616110	0.378327	0.407215	Bahamas	gnomAD_global	enriched	4
2-108378352-C-G	rs1402467	0.764151	0.572368	0.779762	0.788000	0.547131	0.768041	0.403712	0.878863	0.230769	0.421519	0.376050	Bahamas	gnomAD_global	enriched	5
14-102875712-T-C	rs1131877	0.863208	0.559211	0.824405	0.796000	0.629098	0.838542	0.456145	0.918245	0.228592	0.182911	0.368260	Bahamas	gnomAD_global	enriched	6
9-131026432-C-A	rs2275137	0.500000	0.378788	0.662393	0.579545	0.374055	0.615942	0.312410	0.600199	0.174891	0.280380	0.349983	Bahamas	gnomAD_global	enriched	7
1-51361249-T-C	rs17567	0.471698	0.315789	0.568452	0.516000	0.411885	0.489583	0.226627	0.566301	0.218433	0.092405	0.341825	Bahamas	gnomAD_global	enriched	8
13-20512419-T-C	rs7987204	0.712264	0.414474	0.648810	0.648000	0.392197	0.572165	0.307182	0.693918	0.045718	0.183544	0.341628	Bahamas	gnomAD_global	enriched	9
14-94587512-T-C	rs6113	0.537736	0.381579	0.607143	0.532000	0.393443	0.526042	0.265847	0.624128	0.092163	0.111392	0.341296	Bahamas	gnomAD_global	enriched	10
4-70606709-A-G	rs7680880	0.570755	0.322368	0.604167	0.564000	0.391393	0.572917	0.265606	0.683948	0.073295	0.156329	0.338561	Bahamas	gnomAD_global	enriched	11
6-166498574-C-T	rs2230732	0.457547	0.309211	0.532738	0.508000	0.348361	0.401042	0.196386	0.528913	0.087083	0.099367	0.336352	Bahamas	gnomAD_global	enriched	12
3-57542776-A-G	rs9311651	0.476415	0.289474	0.535714	0.412000	0.352459	0.479167	0.200964	0.539382	0.135704	0.086076	0.334750	Bahamas	gnomAD_global	enriched	13
10-114959784-G-A	rs7099565	0.745283	0.519737	0.750000	0.712000	0.606776	0.829897	0.421408	0.794616	0.465893	0.380862	0.328592	Bahamas	gnomAD_global	enriched	14
9-5557708-T-C	rs7854413	0.500000	0.413333	0.598214	0.560000	0.391393	0.619792	0.273976	0.639083	0.120464	0.229747	0.324238	Bahamas	gnomAD_global	enriched	15
9-93107661-C-T	rs2275849	0.566038	0.289474	0.574405	0.540323	0.355533	0.552083	0.258313	0.599701	0.083454	0.108861	0.316092	Bahamas	gnomAD_global	enriched	16
9-33240227-G-A	rs706107	0.622642	0.460526	0.684524	0.633065	0.514433	0.603093	0.373133	0.721834	0.232946	0.271519	0.311391	Bahamas	gnomAD_global	enriched	17
15-40854682-T-C	rs8028552	0.589623	0.381579	0.577381	0.504000	0.392418	0.453125	0.267181	0.570788	0.188679	0.159696	0.310200	Bahamas	gnomAD_global	enriched	18
10-119326585-A-T	rs2230345	0.410959	0.228070	0.406504	0.350962	0.255418	0.427083	0.096386	0.295115	0.013062	0.070886	0.310118	Bahamas	gnomAD_global	enriched	19
19-41206519-A-G	rs338583	0.542453	0.460000	0.625000	0.516129	0.437500	0.561856	0.318390	0.579761	0.303338	0.208492	0.306610	Bahamas	gnomAD_global	enriched	20
8-75540078-G-A	rs2943549	0.933962	0.769737	0.904762	0.880000	0.768443	0.886598	0.600530	0.953141	0.567489	0.504436	0.304232	Bahamas	gnomAD_global	enriched	21
16-53470022-G-A	rs1131220	0.787736	0.644737	0.807229	0.782258	0.643737	0.778351	0.503976	0.853440	0.502177	0.481646	0.303253	Bahamas	gnomAD_global	enriched	22
2-71611313-C-T	rs11558179	0.448113	0.289474	0.485119	0.440000	0.306352	0.453125	0.183133	0.572782	0.045718	0.051899	0.301986	Bahamas	gnomAD_global	enriched	23
5-64724414-T-C	rs16879016	0.414286	0.253623	0.435897	0.405983	0.275670	0.406250	0.138313	0.507478	0.010160	0.008861	0.297584	Bahamas	gnomAD_global	enriched	24
8-55953893-G-A	rs2227980	0.443396	0.269737	0.428571	0.324000	0.260780	0.371134	0.137590	0.458126	0.021045	0.027848	0.290981	Bahamas	gnomAD_global	enriched	25
4-158680524-C-T	rs11559290	0.250000	0.559211	0.211310	0.316000	0.480533	0.239583	0.683012	0.130608	0.859942	0.839240	-0.471702	Bahamas	gnomAD_global	depleted	1
19-48965830-T-C	rs2230267	0.000000	0.000000	0.000000	0.000000	0.000000	0.000000	0.469277	0.480060	0.559507	0.393671	-0.469277	Bahamas	gnomAD_global	depleted	2
15-55628815-T-C	rs7165971	0.117925	0.328947	0.074405	0.084000	0.181352	0.082474	0.421890	0.022931	0.312046	0.553232	-0.347485	Bahamas	gnomAD_global	depleted	3
8-32595840-G-A	rs3924999	0.080189	0.236842	0.104167	0.124000	0.269467	0.139175	0.401429	0.059896	0.420149	0.446452	-0.297262	Bahamas	gnomAD_global	depleted	4
9-15591374-T-A	rs4741510	0.136792	0.269737	0.071429	0.100000	0.221311	0.061856	0.361258	0.014457	0.428157	0.422589	-0.289829	Bahamas	gnomAD_global	depleted	5
18-31131556-C-T	rs1789072	0.320755	0.546053	0.306548	0.384000	0.536885	0.390625	0.596024	0.292622	0.814224	0.773418	-0.289476	Bahamas	gnomAD_global	depleted	6
17-63482562-C-T	rs4309	0.216981	0.342105	0.136905	0.188000	0.275615	0.164948	0.424904	0.106680	0.395501	0.553797	-0.287999	Bahamas	gnomAD_global	depleted	7
14-61530508-C-T	rs1088680	0.320755	0.592105	0.392857	0.372000	0.569815	0.432990	0.679518	0.302592	0.865022	0.815190	-0.286661	Bahamas	gnomAD_global	depleted	8
10-17071564-C-T	rs1801225	0.127358	0.282895	0.092262	0.124000	0.263320	0.130208	0.377290	0.050898	0.433237	0.463291	-0.285028	Bahamas	gnomAD_global	depleted	9
5-90855772-G-A	rs2247870	0.226415	0.407895	0.187500	0.208000	0.313525	0.211340	0.469752	0.120638	0.564586	0.520913	-0.282252	Bahamas	gnomAD_global	depleted	10
10-69097096-G-A	rs2229498	0.410377	0.644737	0.333333	0.484000	0.574795	0.437500	0.608916	0.338983	0.849782	0.750000	-0.275583	Bahamas	gnomAD_global	depleted	11
13-75310080-C-T	rs1062087	0.523585	0.657895	0.452381	0.484000	0.649590	0.505155	0.725904	0.409771	0.876633	0.927848	-0.273523	Bahamas	gnomAD_global	depleted	12
3-64541645-T-C	rs1373163	0.240566	0.539474	0.273810	0.288000	0.494877	0.265625	0.536627	0.241775	0.851234	0.774684	-0.262817	Bahamas	gnomAD_global	depleted	13
6-116003979-C-T	rs3756772	0.188679	0.368421	0.202381	0.212000	0.327515	0.216495	0.459990	0.176471	0.425254	0.566456	-0.257609	Bahamas	gnomAD_global	depleted	14
4-94249688-G-A	rs11722476	0.257143	0.432432	0.216867	0.240000	0.348548	0.216495	0.467093	0.202595	0.366279	0.575316	-0.250226	Bahamas	gnomAD_global	depleted	15
1-204974819-C-A	rs2246662	0.198113	0.434211	0.221557	0.228000	0.300821	0.213542	0.470681	0.184870	0.392598	0.620886	-0.249124	Bahamas	gnomAD_global	depleted	16
21-33268483-A-G	rs2834167	0.127358	0.250000	0.098214	0.132000	0.173156	0.125000	0.343742	0.086740	0.252180	0.400381	-0.245528	Bahamas	gnomAD_global	depleted	17
10-30439172-T-C	rs1042058	0.103774	0.184211	0.119048	0.164000	0.286885	0.104167	0.361446	0.085244	0.595791	0.327848	-0.242398	Bahamas	gnomAD_global	depleted	18
10-59654253-G-T	rs2242206	0.089623	0.322368	0.101190	0.112000	0.179303	0.097938	0.341084	0.069791	0.232221	0.488608	-0.239894	Bahamas	gnomAD_global	depleted	19
17-9491914-G-A	rs9893664	0.396226	0.546667	0.482143	0.484000	0.644033	0.494792	0.715060	0.451147	0.872279	0.708228	-0.232917	Bahamas	gnomAD_global	depleted	20
11-69648142-G-A	rs9344	0.187500	0.440789	0.182927	0.210084	0.294956	0.218750	0.415642	0.176969	0.507257	0.511392	-0.232715	Bahamas	gnomAD_global	depleted	21
4-184001516-G-A	rs3749534	0.089623	0.309211	0.120482	0.128000	0.254639	0.145833	0.350723	0.059821	0.425980	0.476582	-0.230241	Bahamas	gnomAD_global	depleted	22
13-53034344-G-A	rs2298230	0.155660	0.256579	0.127976	0.152000	0.258197	0.135417	0.357349	0.112164	0.401306	0.462025	-0.229373	Bahamas	gnomAD_global	depleted	23
14-21328625-G-C	rs3748361	0.084906	0.197368	0.062500	0.092000	0.187500	0.057292	0.290984	0.018445	0.333091	0.502535	-0.228484	Bahamas	gnomAD_global	depleted	24
17-34961863-T-G	rs931196	0.740566	0.828947	0.660714	0.770161	0.787910	0.677083	0.889157	0.677468	0.984761	0.941772	-0.228443	Bahamas	gnomAD_global	depleted	25
5-131165149-A-G	rs4696	0.595745	0.485714	0.583333	0.617021	0.455769	0.369318	0.113614	0.381356	0.039913	0.010127	0.503407	Barbados	gnomAD_global	enriched	1
8-30845009-A-C	rs323344	0.745283	0.519737	0.776786	0.732000	0.466189	0.734375	0.303133	0.847956	0.106676	0.196835	0.428867	Barbados	gnomAD_global	enriched	2
2-108378352-C-G	rs1402467	0.764151	0.572368	0.779762	0.788000	0.547131	0.768041	0.403712	0.878863	0.230769	0.421519	0.384288	Barbados	gnomAD_global	enriched	3
12-1444631-A-G	rs12319376	0.584906	0.342105	0.619048	0.552000	0.380123	0.578125	0.180000	0.604686	0.063135	0.039873	0.372000	Barbados	gnomAD_global	enriched	4
1-159205564-G-A	rs12075	0.877358	0.618421	0.940476	0.904000	0.776639	0.896907	0.533261	0.982054	0.616110	0.378327	0.370739	Barbados	gnomAD_global	enriched	5
13-20512419-T-C	rs7987204	0.712264	0.414474	0.648810	0.648000	0.392197	0.572165	0.307182	0.693918	0.045718	0.183544	0.340818	Barbados	gnomAD_global	enriched	6
14-102875712-T-C	rs1131877	0.863208	0.559211	0.824405	0.796000	0.629098	0.838542	0.456145	0.918245	0.228592	0.182911	0.339855	Barbados	gnomAD_global	enriched	7
17-74473827-G-A	rs2272111	0.646465	0.513333	0.598160	0.657258	0.432851	0.583333	0.339600	0.703390	0.197388	0.257921	0.317658	Barbados	gnomAD_global	enriched	8
6-166498574-C-T	rs2230732	0.457547	0.309211	0.532738	0.508000	0.348361	0.401042	0.196386	0.528913	0.087083	0.099367	0.311614	Barbados	gnomAD_global	enriched	9
15-92795989-T-C	rs7164758	0.451807	0.268116	0.542208	0.573770	0.398747	0.557292	0.267831	0.662014	0.177794	0.133544	0.305939	Barbados	gnomAD_global	enriched	10
4-70606709-A-G	rs7680880	0.570755	0.322368	0.604167	0.564000	0.391393	0.572917	0.265606	0.683948	0.073295	0.156329	0.298394	Barbados	gnomAD_global	enriched	11
6-88941203-C-A	rs9451108	0.566038	0.381579	0.601796	0.624000	0.431352	0.541667	0.328671	0.679960	0.204644	0.273131	0.295329	Barbados	gnomAD_global	enriched	12
10-114959784-G-A	rs7099565	0.745283	0.519737	0.750000	0.712000	0.606776	0.829897	0.421408	0.794616	0.465893	0.380862	0.290592	Barbados	gnomAD_global	enriched	13
1-51361249-T-C	rs17567	0.471698	0.315789	0.568452	0.516000	0.411885	0.489583	0.226627	0.566301	0.218433	0.092405	0.289373	Barbados	gnomAD_global	enriched	14
18-31339816-A-C	rs8091003	0.547170	0.401316	0.482143	0.504000	0.354508	0.473958	0.215474	0.534397	0.085631	0.186709	0.288526	Barbados	gnomAD_global	enriched	15
9-5557708-T-C	rs7854413	0.500000	0.413333	0.598214	0.560000	0.391393	0.619792	0.273976	0.639083	0.120464	0.229747	0.286024	Barbados	gnomAD_global	enriched	16
5-158699174-C-T	rs76807040	0.292453	0.171053	0.354167	0.404000	0.256148	0.276042	0.118593	0.416168	0.009448	0.018448	0.285407	Barbados	gnomAD_global	enriched	17
9-93107661-C-T	rs2275849	0.566038	0.289474	0.574405	0.540323	0.355533	0.552083	0.258313	0.599701	0.083454	0.108861	0.282010	Barbados	gnomAD_global	enriched	18
8-75540078-G-A	rs2943549	0.933962	0.769737	0.904762	0.880000	0.768443	0.886598	0.600530	0.953141	0.567489	0.504436	0.279470	Barbados	gnomAD_global	enriched	19
16-53470022-G-A	rs1131220	0.787736	0.644737	0.807229	0.782258	0.643737	0.778351	0.503976	0.853440	0.502177	0.481646	0.278282	Barbados	gnomAD_global	enriched	20
1-171258077-T-C	rs10912675	0.674528	0.572368	0.690476	0.680000	0.549281	0.651042	0.410559	0.771186	0.301161	0.381345	0.269441	Barbados	gnomAD_global	enriched	21
5-64724414-T-C	rs16879016	0.414286	0.253623	0.435897	0.405983	0.275670	0.406250	0.138313	0.507478	0.010160	0.008861	0.267670	Barbados	gnomAD_global	enriched	22
9-131026432-C-A	rs2275137	0.500000	0.378788	0.662393	0.579545	0.374055	0.615942	0.312410	0.600199	0.174891	0.280380	0.267135	Barbados	gnomAD_global	enriched	23
14-94587512-T-C	rs6113	0.537736	0.381579	0.607143	0.532000	0.393443	0.526042	0.265847	0.624128	0.092163	0.111392	0.266153	Barbados	gnomAD_global	enriched	24
12-28450179-A-G	rs1133028	0.367925	0.190789	0.345238	0.388000	0.241803	0.360825	0.124247	0.436690	0.026851	0.010759	0.263753	Barbados	gnomAD_global	enriched	25
19-48965830-T-C	rs2230267	0.000000	0.000000	0.000000	0.000000	0.000000	0.000000	0.469277	0.480060	0.559507	0.393671	-0.469277	Barbados	gnomAD_global	depleted	1
4-158680524-C-T	rs11559290	0.250000	0.559211	0.211310	0.316000	0.480533	0.239583	0.683012	0.130608	0.859942	0.839240	-0.367012	Barbados	gnomAD_global	depleted	2
15-55628815-T-C	rs7165971	0.117925	0.328947	0.074405	0.084000	0.181352	0.082474	0.421890	0.022931	0.312046	0.553232	-0.337890	Barbados	gnomAD_global	depleted	3
14-61530508-C-T	rs1088680	0.320755	0.592105	0.392857	0.372000	0.569815	0.432990	0.679518	0.302592	0.865022	0.815190	-0.307518	Barbados	gnomAD_global	depleted	4
8-32595840-G-A	rs3924999	0.080189	0.236842	0.104167	0.124000	0.269467	0.139175	0.401429	0.059896	0.420149	0.446452	-0.277429	Barbados	gnomAD_global	depleted	5
5-90855772-G-A	rs2247870	0.226415	0.407895	0.187500	0.208000	0.313525	0.211340	0.469752	0.120638	0.564586	0.520913	-0.261752	Barbados	gnomAD_global	depleted	6
9-15591374-T-A	rs4741510	0.136792	0.269737	0.071429	0.100000	0.221311	0.061856	0.361258	0.014457	0.428157	0.422589	-0.261258	Barbados	gnomAD_global	depleted	7
10-17071564-C-T	rs1801225	0.127358	0.282895	0.092262	0.124000	0.263320	0.130208	0.377290	0.050898	0.433237	0.463291	-0.253290	Barbados	gnomAD_global	depleted	8
3-64541645-T-C	rs1373163	0.240566	0.539474	0.273810	0.288000	0.494877	0.265625	0.536627	0.241775	0.851234	0.774684	-0.248627	Barbados	gnomAD_global	depleted	9
6-116003979-C-T	rs3756772	0.188679	0.368421	0.202381	0.212000	0.327515	0.216495	0.459990	0.176471	0.425254	0.566456	-0.247990	Barbados	gnomAD_global	depleted	10
1-204974819-C-A	rs2246662	0.198113	0.434211	0.221557	0.228000	0.300821	0.213542	0.470681	0.184870	0.392598	0.620886	-0.242681	Barbados	gnomAD_global	depleted	11
13-75310080-C-T	rs1062087	0.523585	0.657895	0.452381	0.484000	0.649590	0.505155	0.725904	0.409771	0.876633	0.927848	-0.241904	Barbados	gnomAD_global	depleted	12
17-63482562-C-T	rs4309	0.216981	0.342105	0.136905	0.188000	0.275615	0.164948	0.424904	0.106680	0.395501	0.553797	-0.236904	Barbados	gnomAD_global	depleted	13
17-9491914-G-A	rs9893664	0.396226	0.546667	0.482143	0.484000	0.644033	0.494792	0.715060	0.451147	0.872279	0.708228	-0.231060	Barbados	gnomAD_global	depleted	14
10-59654253-G-T	rs2242206	0.089623	0.322368	0.101190	0.112000	0.179303	0.097938	0.341084	0.069791	0.232221	0.488608	-0.229084	Barbados	gnomAD_global	depleted	15
4-94249688-G-A	rs11722476	0.257143	0.432432	0.216867	0.240000	0.348548	0.216495	0.467093	0.202595	0.366279	0.575316	-0.227093	Barbados	gnomAD_global	depleted	16
2-58089679-A-G	rs1051061	0.122642	0.210526	0.101190	0.072581	0.248460	0.170103	0.299036	0.059821	0.411466	0.347468	-0.226455	Barbados	gnomAD_global	depleted	17
4-184001516-G-A	rs3749534	0.089623	0.309211	0.120482	0.128000	0.254639	0.145833	0.350723	0.059821	0.425980	0.476582	-0.222723	Barbados	gnomAD_global	depleted	18
18-75202325-G-A	rs7230037	0.113208	0.197368	0.116071	0.092000	0.205943	0.114583	0.306218	0.054337	0.415698	0.252532	-0.214218	Barbados	gnomAD_global	depleted	19
1-94864816-G-A	rs859098	0.462264	0.631579	0.565476	0.540000	0.650615	0.572165	0.753133	0.492522	0.782293	0.786076	-0.213133	Barbados	gnomAD_global	depleted	20
11-8730342-C-G	rs3794153	0.066038	0.197368	0.065868	0.072581	0.229897	0.057292	0.284819	0.012961	0.407837	0.293038	-0.212238	Barbados	gnomAD_global	depleted	21
18-31131556-C-T	rs1789072	0.320755	0.546053	0.306548	0.384000	0.536885	0.390625	0.596024	0.292622	0.814224	0.773418	-0.212024	Barbados	gnomAD_global	depleted	22
21-33268483-A-G	rs2834167	0.127358	0.250000	0.098214	0.132000	0.173156	0.125000	0.343742	0.086740	0.252180	0.400381	-0.211742	Barbados	gnomAD_global	depleted	23
2-29143964-A-G	rs3213947	0.174528	0.460526	0.235119	0.236000	0.290984	0.265625	0.444793	0.181456	0.367199	0.511407	-0.208793	Barbados	gnomAD_global	depleted	24
11-69648142-G-A	rs9344	0.187500	0.440789	0.182927	0.210084	0.294956	0.218750	0.415642	0.176969	0.507257	0.511392	-0.205558	Barbados	gnomAD_global	depleted	25
5-131165149-A-G	rs4696	0.595745	0.485714	0.583333	0.617021	0.455769	0.369318	0.113614	0.381356	0.039913	0.010127	0.342155	Bermuda	gnomAD_global	enriched	1
1-159205564-G-A	rs12075	0.877358	0.618421	0.940476	0.904000	0.776639	0.896907	0.533261	0.982054	0.616110	0.378327	0.243378	Bermuda	gnomAD_global	enriched	2
12-1444631-A-G	rs12319376	0.584906	0.342105	0.619048	0.552000	0.380123	0.578125	0.180000	0.604686	0.063135	0.039873	0.200123	Bermuda	gnomAD_global	enriched	3
19-40843845-C-A	rs5031017	0.141509	0.243421	0.145833	0.172000	0.211499	0.149485	0.023757	0.000998	0.001458	0.023107	0.187742	Bermuda	gnomAD_global	enriched	4
10-114959784-G-A	rs7099565	0.745283	0.519737	0.750000	0.712000	0.606776	0.829897	0.421408	0.794616	0.465893	0.380862	0.185368	Bermuda	gnomAD_global	enriched	5
1-51361249-T-C	rs17567	0.471698	0.315789	0.568452	0.516000	0.411885	0.489583	0.226627	0.566301	0.218433	0.092405	0.185258	Bermuda	gnomAD_global	enriched	6
22-36504224-T-C	rs2277841	0.915094	0.697368	0.889881	0.912000	0.838115	0.911458	0.657026	0.906281	0.801161	0.529114	0.181089	Bermuda	gnomAD_global	enriched	7
14-102875712-T-C	rs1131877	0.863208	0.559211	0.824405	0.796000	0.629098	0.838542	0.456145	0.918245	0.228592	0.182911	0.172953	Bermuda	gnomAD_global	enriched	8
8-75540078-G-A	rs2943549	0.933962	0.769737	0.904762	0.880000	0.768443	0.886598	0.600530	0.953141	0.567489	0.504436	0.167913	Bermuda	gnomAD_global	enriched	9
8-30845009-A-C	rs323344	0.745283	0.519737	0.776786	0.732000	0.466189	0.734375	0.303133	0.847956	0.106676	0.196835	0.163056	Bermuda	gnomAD_global	enriched	10
10-119326585-A-T	rs2230345	0.410959	0.228070	0.406504	0.350962	0.255418	0.427083	0.096386	0.295115	0.013062	0.070886	0.159032	Bermuda	gnomAD_global	enriched	11
2-138671498-G-A	rs10803570	0.844340	0.690789	0.866071	0.832000	0.820329	0.840206	0.662651	0.898804	0.705370	0.503165	0.157678	Bermuda	gnomAD_global	enriched	12
10-76047269-T-C	rs1898071	0.382075	0.386667	0.413690	0.436000	0.450413	0.431579	0.297421	0.427218	0.414244	0.299367	0.152992	Bermuda	gnomAD_global	enriched	13
1-205832744-A-G	rs1361754	0.377358	0.315068	0.380952	0.370968	0.441237	0.380208	0.288763	0.349452	0.549347	0.216096	0.152474	Bermuda	gnomAD_global	enriched	14
6-166498574-C-T	rs2230732	0.457547	0.309211	0.532738	0.508000	0.348361	0.401042	0.196386	0.528913	0.087083	0.099367	0.151975	Bermuda	gnomAD_global	enriched	15
3-57542776-A-G	rs9311651	0.476415	0.289474	0.535714	0.412000	0.352459	0.479167	0.200964	0.539382	0.135704	0.086076	0.151495	Bermuda	gnomAD_global	enriched	16
19-18921828-T-C	rs2231997	0.957547	0.756579	0.967262	0.940000	0.834016	0.911458	0.684578	0.987039	0.738026	0.534177	0.149438	Bermuda	gnomAD_global	enriched	17
19-39244466-T-C	rs8103142	0.682353	0.500000	0.655063	0.580508	0.512115	0.641304	0.366803	0.711366	0.327762	0.248734	0.145312	Bermuda	gnomAD_global	enriched	18
22-17817474-T-C	rs5992854	0.570423	0.470588	0.603053	0.592593	0.529340	0.618557	0.384819	0.696411	0.384615	0.307595	0.144521	Bermuda	gnomAD_global	enriched	19
2-108378352-C-G	rs1402467	0.764151	0.572368	0.779762	0.788000	0.547131	0.768041	0.403712	0.878863	0.230769	0.421519	0.143419	Bermuda	gnomAD_global	enriched	20
9-33240227-G-A	rs706107	0.622642	0.460526	0.684524	0.633065	0.514433	0.603093	0.373133	0.721834	0.232946	0.271519	0.141300	Bermuda	gnomAD_global	enriched	21
1-216046439-A-G	rs6657250	0.731132	0.638158	0.723214	0.752000	0.732582	0.762887	0.592334	0.789631	0.649709	0.517089	0.140248	Bermuda	gnomAD_global	enriched	22
16-53470022-G-A	rs1131220	0.787736	0.644737	0.807229	0.782258	0.643737	0.778351	0.503976	0.853440	0.502177	0.481646	0.139761	Bermuda	gnomAD_global	enriched	23
18-31339816-A-C	rs8091003	0.547170	0.401316	0.482143	0.504000	0.354508	0.473958	0.215474	0.534397	0.085631	0.186709	0.139034	Bermuda	gnomAD_global	enriched	24
1-171258077-T-C	rs10912675	0.674528	0.572368	0.690476	0.680000	0.549281	0.651042	0.410559	0.771186	0.301161	0.381345	0.138722	Bermuda	gnomAD_global	enriched	25
19-48965830-T-C	rs2230267	0.000000	0.000000	0.000000	0.000000	0.000000	0.000000	0.469277	0.480060	0.559507	0.393671	-0.469277	Bermuda	gnomAD_global	depleted	1
15-55628815-T-C	rs7165971	0.117925	0.328947	0.074405	0.084000	0.181352	0.082474	0.421890	0.022931	0.312046	0.553232	-0.240538	Bermuda	gnomAD_global	depleted	2
4-158680524-C-T	rs11559290	0.250000	0.559211	0.211310	0.316000	0.480533	0.239583	0.683012	0.130608	0.859942	0.839240	-0.202479	Bermuda	gnomAD_global	depleted	3
21-33268483-A-G	rs2834167	0.127358	0.250000	0.098214	0.132000	0.173156	0.125000	0.343742	0.086740	0.252180	0.400381	-0.170586	Bermuda	gnomAD_global	depleted	4
1-204974819-C-A	rs2246662	0.198113	0.434211	0.221557	0.228000	0.300821	0.213542	0.470681	0.184870	0.392598	0.620886	-0.169860	Bermuda	gnomAD_global	depleted	5
10-59654253-G-T	rs2242206	0.089623	0.322368	0.101190	0.112000	0.179303	0.097938	0.341084	0.069791	0.232221	0.488608	-0.161781	Bermuda	gnomAD_global	depleted	6
1-66847566-G-A	rs57010209	0.051887	0.190789	0.068452	0.084000	0.063525	0.087629	0.222945	0.062313	0.037736	0.303165	-0.159420	Bermuda	gnomAD_global	depleted	7
5-90855772-G-A	rs2247870	0.226415	0.407895	0.187500	0.208000	0.313525	0.211340	0.469752	0.120638	0.564586	0.520913	-0.156227	Bermuda	gnomAD_global	depleted	8
2-29143964-A-G	rs3213947	0.174528	0.460526	0.235119	0.236000	0.290984	0.265625	0.444793	0.181456	0.367199	0.511407	-0.153809	Bermuda	gnomAD_global	depleted	9
14-62802599-T-C	rs12588427	0.264151	0.434211	0.276786	0.284000	0.331967	0.319588	0.482397	0.257727	0.430334	0.586819	-0.150430	Bermuda	gnomAD_global	depleted	10
17-63482562-C-T	rs4309	0.216981	0.342105	0.136905	0.188000	0.275615	0.164948	0.424904	0.106680	0.395501	0.553797	-0.149289	Bermuda	gnomAD_global	depleted	11
9-15591374-T-A	rs4741510	0.136792	0.269737	0.071429	0.100000	0.221311	0.061856	0.361258	0.014457	0.428157	0.422589	-0.139947	Bermuda	gnomAD_global	depleted	12
9-26978172-A-G	rs10812505	0.053922	0.073529	0.013072	0.016529	0.034188	0.021053	0.171487	0.001994	0.034833	0.117871	-0.137299	Bermuda	gnomAD_global	depleted	13
15-64816280-T-C	rs8036568	0.150943	0.105263	0.089286	0.092000	0.148566	0.093750	0.282682	0.108674	0.114826	0.170685	-0.134116	Bermuda	gnomAD_global	depleted	14
13-113118845-G-A	rs6046	0.000000	0.000000	0.003012	0.060000	0.001048	0.000000	0.135125	0.122134	0.119013	0.269620	-0.134077	Bermuda	gnomAD_global	depleted	15
6-116003979-C-T	rs3756772	0.188679	0.368421	0.202381	0.212000	0.327515	0.216495	0.459990	0.176471	0.425254	0.566456	-0.132475	Bermuda	gnomAD_global	depleted	16
8-32595840-G-A	rs3924999	0.080189	0.236842	0.104167	0.124000	0.269467	0.139175	0.401429	0.059896	0.420149	0.446452	-0.131962	Bermuda	gnomAD_global	depleted	17
7-142257684-A-G	rs7786497	0.117925	0.243421	0.068452	0.104000	0.157084	0.087629	0.287901	0.058325	0.245283	0.338608	-0.130817	Bermuda	gnomAD_global	depleted	18
2-228108944-A-G	rs7561798	0.320755	0.394737	0.312500	0.354839	0.355236	0.364583	0.484889	0.303320	0.476017	0.400000	-0.129653	Bermuda	gnomAD_global	depleted	19
3-184178853-T-C	rs2231216	0.240566	0.401316	0.247024	0.228000	0.296107	0.237113	0.425181	0.170489	0.490566	0.565823	-0.129074	Bermuda	gnomAD_global	depleted	20
1-156658204-T-C	rs2298135	0.019231	0.037313	0.012579	0.008403	0.020518	0.016667	0.144493	0.019442	0.047170	0.249367	-0.123975	Bermuda	gnomAD_global	depleted	21
14-95319778-C-T	rs80288032	0.116505	0.175676	0.143713	0.154472	0.068323	0.140625	0.190476	0.146000	0.016764	0.164766	-0.122153	Bermuda	gnomAD_global	depleted	22
15-33067373-C-A	rs11858145	0.523585	0.717105	0.607143	0.640000	0.599385	0.604167	0.720964	0.584247	0.648041	0.828481	-0.121579	Bermuda	gnomAD_global	depleted	23
11-69648142-G-A	rs9344	0.187500	0.440789	0.182927	0.210084	0.294956	0.218750	0.415642	0.176969	0.507257	0.511392	-0.120686	Bermuda	gnomAD_global	depleted	24
2-241851281-G-A	rs2227982	0.014151	0.065789	0.017857	0.012000	0.022541	0.005208	0.142444	0.004487	0.013062	0.053797	-0.119903	Bermuda	gnomAD_global	depleted	25
8-30845009-A-C	rs323344	0.745283	0.519737	0.776786	0.732000	0.466189	0.734375	0.303133	0.847956	0.106676	0.196835	0.431242	StLucia	gnomAD_global	enriched	1
10-114959784-G-A	rs7099565	0.745283	0.519737	0.750000	0.712000	0.606776	0.829897	0.421408	0.794616	0.465893	0.380862	0.408489	StLucia	gnomAD_global	enriched	2
12-1444631-A-G	rs12319376	0.584906	0.342105	0.619048	0.552000	0.380123	0.578125	0.180000	0.604686	0.063135	0.039873	0.398125	StLucia	gnomAD_global	enriched	3
14-102875712-T-C	rs1131877	0.863208	0.559211	0.824405	0.796000	0.629098	0.838542	0.456145	0.918245	0.228592	0.182911	0.382397	StLucia	gnomAD_global	enriched	4
2-108378352-C-G	rs1402467	0.764151	0.572368	0.779762	0.788000	0.547131	0.768041	0.403712	0.878863	0.230769	0.421519	0.364329	StLucia	gnomAD_global	enriched	5
1-159205564-G-A	rs12075	0.877358	0.618421	0.940476	0.904000	0.776639	0.896907	0.533261	0.982054	0.616110	0.378327	0.363646	StLucia	gnomAD_global	enriched	6
9-5557708-T-C	rs7854413	0.500000	0.413333	0.598214	0.560000	0.391393	0.619792	0.273976	0.639083	0.120464	0.229747	0.345816	StLucia	gnomAD_global	enriched	7
10-119326585-A-T	rs2230345	0.410959	0.228070	0.406504	0.350962	0.255418	0.427083	0.096386	0.295115	0.013062	0.070886	0.330697	StLucia	gnomAD_global	enriched	8
4-70606709-A-G	rs7680880	0.570755	0.322368	0.604167	0.564000	0.391393	0.572917	0.265606	0.683948	0.073295	0.156329	0.307311	StLucia	gnomAD_global	enriched	9
9-131026432-C-A	rs2275137	0.500000	0.378788	0.662393	0.579545	0.374055	0.615942	0.312410	0.600199	0.174891	0.280380	0.303532	StLucia	gnomAD_global	enriched	10
17-40958710-C-T	rs7213256	0.490566	0.328947	0.517857	0.480000	0.345287	0.546875	0.248494	0.550847	0.160377	0.209494	0.298381	StLucia	gnomAD_global	enriched	11
7-93105138-A-G	rs6965201	0.787736	0.605263	0.758929	0.764000	0.597336	0.804124	0.508916	0.830508	0.290276	0.343038	0.295208	StLucia	gnomAD_global	enriched	12
9-93107661-C-T	rs2275849	0.566038	0.289474	0.574405	0.540323	0.355533	0.552083	0.258313	0.599701	0.083454	0.108861	0.293770	StLucia	gnomAD_global	enriched	13
19-48835841-T-C	rs8110220	0.476415	0.394737	0.505952	0.520000	0.411885	0.625000	0.332651	0.621137	0.257620	0.339241	0.292349	StLucia	gnomAD_global	enriched	14
15-92795989-T-C	rs7164758	0.451807	0.268116	0.542208	0.573770	0.398747	0.557292	0.267831	0.662014	0.177794	0.133544	0.289461	StLucia	gnomAD_global	enriched	15
8-75540078-G-A	rs2943549	0.933962	0.769737	0.904762	0.880000	0.768443	0.886598	0.600530	0.953141	0.567489	0.504436	0.286068	StLucia	gnomAD_global	enriched	16
5-75028723-G-A	rs3811987	0.726415	0.513158	0.669643	0.668000	0.527664	0.701031	0.418434	0.749751	0.272859	0.339241	0.282597	StLucia	gnomAD_global	enriched	17
6-39315030-G-T	rs11756091	0.844340	0.677632	0.848214	0.812000	0.705943	0.854167	0.575560	0.882353	0.486919	0.485443	0.278607	StLucia	gnomAD_global	enriched	18
3-57542776-A-G	rs9311651	0.476415	0.289474	0.535714	0.412000	0.352459	0.479167	0.200964	0.539382	0.135704	0.086076	0.278203	StLucia	gnomAD_global	enriched	19
10-54195725-A-G	rs7921598	0.561321	0.355263	0.497024	0.440000	0.364476	0.520619	0.243914	0.533898	0.132075	0.190506	0.276705	StLucia	gnomAD_global	enriched	20
19-39244466-T-C	rs8103142	0.682353	0.500000	0.655063	0.580508	0.512115	0.641304	0.366803	0.711366	0.327762	0.248734	0.274501	StLucia	gnomAD_global	enriched	21
16-53470022-G-A	rs1131220	0.787736	0.644737	0.807229	0.782258	0.643737	0.778351	0.503976	0.853440	0.502177	0.481646	0.274375	StLucia	gnomAD_global	enriched	22
2-3550384-T-C	rs10186193	0.636792	0.447368	0.630952	0.556000	0.483607	0.645833	0.372438	0.631107	0.375727	0.316223	0.273395	StLucia	gnomAD_global	enriched	23
2-71611313-C-T	rs11558179	0.448113	0.289474	0.485119	0.440000	0.306352	0.453125	0.183133	0.572782	0.045718	0.051899	0.269992	StLucia	gnomAD_global	enriched	24
5-64724414-T-C	rs16879016	0.414286	0.253623	0.435897	0.405983	0.275670	0.406250	0.138313	0.507478	0.010160	0.008861	0.267937	StLucia	gnomAD_global	enriched	25
19-48965830-T-C	rs2230267	0.000000	0.000000	0.000000	0.000000	0.000000	0.000000	0.469277	0.480060	0.559507	0.393671	-0.469277	StLucia	gnomAD_global	depleted	1
4-158680524-C-T	rs11559290	0.250000	0.559211	0.211310	0.316000	0.480533	0.239583	0.683012	0.130608	0.859942	0.839240	-0.443429	StLucia	gnomAD_global	depleted	2
15-55628815-T-C	rs7165971	0.117925	0.328947	0.074405	0.084000	0.181352	0.082474	0.421890	0.022931	0.312046	0.553232	-0.339416	StLucia	gnomAD_global	depleted	3
9-15591374-T-A	rs4741510	0.136792	0.269737	0.071429	0.100000	0.221311	0.061856	0.361258	0.014457	0.428157	0.422589	-0.299402	StLucia	gnomAD_global	depleted	4
3-64541645-T-C	rs1373163	0.240566	0.539474	0.273810	0.288000	0.494877	0.265625	0.536627	0.241775	0.851234	0.774684	-0.271002	StLucia	gnomAD_global	depleted	5
2-157300849-C-T	rs3214040	0.556604	0.736842	0.641566	0.632000	0.718686	0.536842	0.799590	0.563310	0.940493	0.921519	-0.262748	StLucia	gnomAD_global	depleted	6
8-32595840-G-A	rs3924999	0.080189	0.236842	0.104167	0.124000	0.269467	0.139175	0.401429	0.059896	0.420149	0.446452	-0.262254	StLucia	gnomAD_global	depleted	7
17-63482562-C-T	rs4309	0.216981	0.342105	0.136905	0.188000	0.275615	0.164948	0.424904	0.106680	0.395501	0.553797	-0.259956	StLucia	gnomAD_global	depleted	8
5-90855772-G-A	rs2247870	0.226415	0.407895	0.187500	0.208000	0.313525	0.211340	0.469752	0.120638	0.564586	0.520913	-0.258412	StLucia	gnomAD_global	depleted	9
10-30439172-T-C	rs1042058	0.103774	0.184211	0.119048	0.164000	0.286885	0.104167	0.361446	0.085244	0.595791	0.327848	-0.257279	StLucia	gnomAD_global	depleted	10
1-204974819-C-A	rs2246662	0.198113	0.434211	0.221557	0.228000	0.300821	0.213542	0.470681	0.184870	0.392598	0.620886	-0.257139	StLucia	gnomAD_global	depleted	11
4-94249688-G-A	rs11722476	0.257143	0.432432	0.216867	0.240000	0.348548	0.216495	0.467093	0.202595	0.366279	0.575316	-0.250598	StLucia	gnomAD_global	depleted	12
10-17071564-C-T	rs1801225	0.127358	0.282895	0.092262	0.124000	0.263320	0.130208	0.377290	0.050898	0.433237	0.463291	-0.247082	StLucia	gnomAD_global	depleted	13
14-61530508-C-T	rs1088680	0.320755	0.592105	0.392857	0.372000	0.569815	0.432990	0.679518	0.302592	0.865022	0.815190	-0.246528	StLucia	gnomAD_global	depleted	14
6-116003979-C-T	rs3756772	0.188679	0.368421	0.202381	0.212000	0.327515	0.216495	0.459990	0.176471	0.425254	0.566456	-0.243495	StLucia	gnomAD_global	depleted	15
10-59654253-G-T	rs2242206	0.089623	0.322368	0.101190	0.112000	0.179303	0.097938	0.341084	0.069791	0.232221	0.488608	-0.243146	StLucia	gnomAD_global	depleted	16
3-193276754-A-G	rs2271791	0.141509	0.263158	0.163690	0.176000	0.286885	0.097938	0.339518	0.099202	0.491292	0.388608	-0.241580	StLucia	gnomAD_global	depleted	17
14-21328625-G-C	rs3748361	0.084906	0.197368	0.062500	0.092000	0.187500	0.057292	0.290984	0.018445	0.333091	0.502535	-0.233692	StLucia	gnomAD_global	depleted	18
11-8730342-C-G	rs3794153	0.066038	0.197368	0.065868	0.072581	0.229897	0.057292	0.284819	0.012961	0.407837	0.293038	-0.227527	StLucia	gnomAD_global	depleted	19
2-11160606-C-T	rs2271622	0.221698	0.381579	0.196429	0.224000	0.287910	0.166667	0.392694	0.129611	0.492006	0.493663	-0.226027	StLucia	gnomAD_global	depleted	20
13-53034344-G-A	rs2298230	0.155660	0.256579	0.127976	0.152000	0.258197	0.135417	0.357349	0.112164	0.401306	0.462025	-0.221932	StLucia	gnomAD_global	depleted	21
13-75310080-C-T	rs1062087	0.523585	0.657895	0.452381	0.484000	0.649590	0.505155	0.725904	0.409771	0.876633	0.927848	-0.220749	StLucia	gnomAD_global	depleted	22
16-81937798-T-C	rs1071644	0.113208	0.289474	0.136905	0.164000	0.268443	0.104167	0.324819	0.069292	0.510885	0.407595	-0.220652	StLucia	gnomAD_global	depleted	23
17-9491914-G-A	rs9893664	0.396226	0.546667	0.482143	0.484000	0.644033	0.494792	0.715060	0.451147	0.872279	0.708228	-0.220268	StLucia	gnomAD_global	depleted	24
21-33268483-A-G	rs2834167	0.127358	0.250000	0.098214	0.132000	0.173156	0.125000	0.343742	0.086740	0.252180	0.400381	-0.218742	StLucia	gnomAD_global	depleted	25
