locus_key	rsid	delta	rank	BVI	TT	Bahamas	Barbados	Bermuda	StLucia	gnomAD_global	gnomAD_AFR	gnomAD_NFE	gnomAD_SAS
5-131165149-A-G	rs4696	0.201977	1	0.595745	0.485714	0.583333	0.617021	0.455769	0.369318	0.113614	0.381356	0.039913	0.010127
1-36100016-G-A	rs274754	0.121903	2	0.311321	0.434211	0.446429	0.372000	0.568648	0.317708	0.495662	0.324526	0.795356	0.615190
10-119326585-A-T	rs2230345	0.111389	3	0.410959	0.228070	0.406504	0.350962	0.255418	0.427083	0.096386	0.295115	0.013062	0.070886
10-113574365-C-T	rs3740530	0.108211	4	0.330189	0.453947	0.392857	0.352000	0.464139	0.396907	0.539899	0.284646	0.605951	0.610266
17-9612460-G-A	rs6503235	0.096203	5	0.457547	0.592105	0.401786	0.432000	0.548156	0.417526	0.607134	0.305583	0.749637	0.718354
10-71351651-C-T	rs780668	0.095793	6	0.311321	0.434211	0.383929	0.384000	0.509221	0.416667	0.492167	0.288136	0.767779	0.518354
14-61530508-C-T	rs1088680	0.090265	7	0.320755	0.592105	0.392857	0.372000	0.569815	0.432990	0.679518	0.302592	0.865022	0.815190
8-18871986-G-A	rs13263453	0.082191	8	0.165094	0.230263	0.312500	0.192000	0.169057	0.201031	0.204365	0.230309	0.108853	0.218274
4-158680524-C-T	rs11559290	0.080702	9	0.250000	0.559211	0.211310	0.316000	0.480533	0.239583	0.683012	0.130608	0.859942	0.839240
7-92001306-G-T	rs6964587	0.080342	10	0.443396	0.473684	0.583832	0.520000	0.501029	0.421875	0.370120	0.503490	0.411466	0.401899
2-157300849-C-T	rs3214040	0.078256	11	0.556604	0.736842	0.641566	0.632000	0.718686	0.536842	0.799590	0.563310	0.940493	0.921519
3-184178853-T-C	rs2231216	0.076535	12	0.240566	0.401316	0.247024	0.228000	0.296107	0.237113	0.425181	0.170489	0.490566	0.565823
11-102705644-G-A	rs1939015	0.074951	13	0.735849	0.690789	0.764881	0.652000	0.767418	0.757732	0.778313	0.689930	0.825109	0.775316
8-1565843-C-A	rs2301963	0.074369	14	0.358491	0.440789	0.413690	0.400000	0.424180	0.437500	0.472142	0.339321	0.460813	0.553232
8-134600352-A-G	rs894343	0.074126	15	0.776699	0.740000	0.830357	0.808000	0.755123	0.788660	0.783735	0.756231	0.682874	0.757595
1-94864816-G-A	rs859098	0.072954	16	0.462264	0.631579	0.565476	0.540000	0.650615	0.572165	0.753133	0.492522	0.782293	0.786076
9-127091920-G-A	rs2297866	0.071964	17	0.165094	0.173333	0.179641	0.204000	0.286885	0.114583	0.294047	0.107677	0.446221	0.303165
12-1860096-T-C	rs10848582	0.070693	18	0.141509	0.256579	0.119048	0.132000	0.261270	0.139175	0.330602	0.048355	0.504354	0.365190
9-32418239-G-T	rs2026739	0.068580	19	0.504717	0.684211	0.642857	0.584000	0.628074	0.531250	0.672530	0.574277	0.735849	0.729114
11-62598147-A-G	rs11231155	0.068488	20	0.202830	0.190789	0.229167	0.236000	0.231557	0.218750	0.199735	0.160679	0.354136	0.237342
17-47810585-G-T	rs2074189	0.068206	21	0.481132	0.447368	0.517857	0.480000	0.473361	0.406250	0.416004	0.449651	0.481831	0.451899
3-46358307-T-C	rs1799865	0.067891	22	0.311321	0.296053	0.380952	0.368000	0.327869	0.322917	0.326223	0.313061	0.331640	0.364385
16-81937798-T-C	rs1071644	0.067613	23	0.113208	0.289474	0.136905	0.164000	0.268443	0.104167	0.324819	0.069292	0.510885	0.407595
5-90855772-G-A	rs2247870	0.066862	24	0.226415	0.407895	0.187500	0.208000	0.313525	0.211340	0.469752	0.120638	0.564586	0.520913
2-11160606-C-T	rs2271622	0.066818	25	0.221698	0.381579	0.196429	0.224000	0.287910	0.166667	0.392694	0.129611	0.492006	0.493663
