SampleID	K1	K2	K3	K4	K5	K6	K7	K8	K9
305387	0.0000	0.0000	0.1368	0.0000	0.8622	0.0000	0.0000	0.0000	0.0010
351218	0.0000	0.0000	0.0215	0.0000	0.9011	0.0000	0.0774	0.0000	0.0000
371396	0.0009	0.0000	0.0000	0.1153	0.8755	0.0082	0.0000	0.0000	0.0000
515084	0.0898	0.0000	0.0229	0.0000	0.8683	0.0000	0.0190	0.0000	0.0000
525943	0.1256	0.0000	0.0000	0.0000	0.8743	0.0000	0.0000	0.0000	0.0000
807622	0.0000	0.0000	0.0000	0.0400	0.8898	0.0000	0.0000	0.0000	0.0702
817803	0.0000	0.0000	0.0454	0.0000	0.8934	0.0000	0.0000	0.0611	0.0000
821425	0.0873	0.0357	0.0000	0.0000	0.8425	0.0000	0.0000	0.0345	0.0000
838338	0.0000	0.0000	0.0929	0.0000	0.8922	0.0000	0.0149	0.0000	0.0000
959836	0.0298	0.0000	0.0000	0.0293	0.8777	0.0000	0.0000	0.0632	0.0000
