locus_key	rsid	PC1_loading	PC2_loading	gnomAD_AFR	gnomAD_NFE	gnomAD_SAS
4-158680524-C-T	rs11559290	0.1377	-0.0264	0.1306	0.8599	0.8392
14-102875712-T-C	rs1131877	-0.1365	0.0482	0.9182	0.2286	0.1829
8-30845009-A-C	rs323344	-0.1362	-0.0259	0.8480	0.1067	0.1968
13-20512419-T-C	rs7987204	-0.1171	-0.0484	0.6939	0.0457	0.1835
12-1444631-A-G	rs12319376	-0.1171	0.0403	0.6047	0.0631	0.0399
3-64541645-T-C	rs1373163	0.1150	0.0175	0.2418	0.8512	0.7747
4-70606709-A-G	rs7680880	-0.1075	-0.0099	0.6839	0.0733	0.1563
2-108378352-C-G	rs1402467	-0.1073	-0.0683	0.8789	0.2308	0.4215
14-61530508-C-T	rs1088680	0.1036	0.0036	0.3026	0.8650	0.8152
9-93107661-C-T	rs2275849	-0.1024	0.0153	0.5997	0.0835	0.1089
7-93105138-A-G	rs6965201	-0.0999	-0.0145	0.8305	0.2903	0.3430
14-94587512-T-C	rs6113	-0.0998	0.0067	0.6241	0.0922	0.1114
18-31131556-C-T	rs1789072	0.0971	0.0066	0.2926	0.8142	0.7734
2-71611313-C-T	rs11558179	-0.0947	0.0126	0.5728	0.0457	0.0519
13-75310080-C-T	rs1062087	0.0908	-0.0335	0.4098	0.8766	0.9278
9-5557708-T-C	rs7854413	-0.0905	-0.0377	0.6391	0.1205	0.2297
15-92795989-T-C	rs7164758	-0.0901	0.0553	0.6620	0.1778	0.1335
17-74473827-G-A	rs2272111	-0.0895	-0.0268	0.7034	0.1974	0.2579
9-33240227-G-A	rs706107	-0.0881	0.0055	0.7218	0.2329	0.2715
5-75028723-G-A	rs3811987	-0.0873	-0.0134	0.7498	0.2729	0.3392
10-69097096-G-A	rs2229498	0.0867	0.0259	0.3390	0.8498	0.7500
1-173487878-C-T	rs4611	-0.0862	0.0278	0.7004	0.2246	0.2133
6-166498574-C-T	rs2230732	-0.0860	0.0176	0.5289	0.0871	0.0994
7-94401587-T-C	rs1800222	-0.0850	0.0362	0.5778	0.1502	0.1013
3-57542776-A-G	rs9311651	-0.0839	0.0482	0.5394	0.1357	0.0861
2-162267541-C-T	rs1990760	0.0836	0.0155	0.1246	0.5951	0.5443
14-65032732-G-A	rs7148144	-0.0829	0.0214	0.4910	0.0588	0.0658
13-30735693-C-A	rs4769055	-0.0823	-0.0797	0.8470	0.3157	0.5006
6-88941203-C-A	rs9451108	-0.0822	-0.0078	0.6800	0.2046	0.2731
9-131026432-C-A	rs2275137	-0.0816	-0.0317	0.6002	0.1749	0.2804
18-31339816-A-C	rs8091003	-0.0815	-0.0370	0.5344	0.0856	0.1867
1-51361249-T-C	rs17567	-0.0813	0.0903	0.5663	0.2184	0.0924
2-227109157-T-C	rs58363082	-0.0812	-0.0326	0.5773	0.0762	0.1787
19-39244466-T-C	rs8103142	-0.0810	0.0521	0.7114	0.3278	0.2487
15-40854682-T-C	rs8028552	-0.0802	0.0305	0.5708	0.1887	0.1597
10-114959784-G-A	rs7099565	-0.0800	0.0753	0.7946	0.4659	0.3809
5-90855772-G-A	rs2247870	0.0797	-0.0115	0.1206	0.5646	0.5209
6-39315030-G-T	rs11756091	-0.0795	0.0198	0.8824	0.4869	0.4854
17-50461674-T-C	rs9674937	-0.0795	0.0139	0.7019	0.2729	0.2848
1-171258077-T-C	rs10912675	-0.0790	-0.0256	0.7712	0.3012	0.3813
22-50289633-T-C	rs28379706	-0.0781	0.0976	0.6984	0.3832	0.2076
10-54195725-A-G	rs7921598	-0.0772	-0.0104	0.5339	0.1321	0.1905
10-60911547-G-A	rs2271126	-0.0770	-0.0207	0.6037	0.1219	0.2044
10-17071564-C-T	rs1801225	0.0769	-0.0316	0.0509	0.4332	0.4633
8-6409253-G-A	rs1550697	-0.0762	-0.0130	0.6655	0.2322	0.2620
10-30439172-T-C	rs1042058	0.0759	0.1264	0.0852	0.5958	0.3278
4-184001516-G-A	rs3749534	0.0754	-0.0442	0.0598	0.4260	0.4766
3-172251287-C-G	rs7652177	-0.0754	-0.0049	0.9242	0.5036	0.5627
8-32595840-G-A	rs3924999	0.0753	-0.0243	0.0599	0.4201	0.4465
17-40958710-C-T	rs7213256	-0.0750	-0.0044	0.5508	0.1604	0.2095
7-17339486-G-A	rs2066853	-0.0744	0.0032	0.4776	0.1038	0.1354
16-81937798-T-C	rs1071644	0.0742	0.0350	0.0693	0.5109	0.4076
19-3586473-A-G	rs8100350	-0.0735	-0.0243	0.6496	0.2417	0.3335
17-9612460-G-A	rs6503235	0.0732	0.0000	0.3056	0.7496	0.7184
2-157300849-C-T	rs3214040	0.0732	-0.0028	0.5633	0.9405	0.9215
17-45118296-A-G	rs3744758	-0.0730	-0.0161	0.4467	0.0138	0.0544
6-154442267-G-A	rs6557351	-0.0726	-0.0052	0.6356	0.2293	0.2766
3-38400999-G-A	rs2070488	0.0726	0.0127	0.1650	0.5843	0.5152
17-9491914-G-A	rs9893664	0.0724	0.0760	0.4511	0.8723	0.7082
1-99709114-C-T	rs12145706	-0.0721	0.0030	0.4580	0.0421	0.0558
17-11883634-T-C	rs8070256	0.0719	-0.0038	0.1132	0.5370	0.5241
16-53470022-G-A	rs1131220	-0.0718	0.0274	0.8534	0.5022	0.4816
1-36100016-G-A	rs274754	0.0715	0.1041	0.3245	0.7954	0.6152
17-77482399-C-T	rs425139	-0.0715	0.0504	0.9138	0.5791	0.5209
17-80291868-T-C	rs7503557	-0.0713	0.0137	0.4317	0.0769	0.0766
4-153558278-T-C	rs6848033	-0.0712	-0.0727	0.8260	0.3447	0.4804
5-146458877-G-A	rs11743333	0.0710	0.0082	0.2632	0.6504	0.6337
17-63482562-C-T	rs4309	0.0699	-0.0968	0.1067	0.3955	0.5538
11-69648142-G-A	rs9344	0.0695	-0.0397	0.1770	0.5073	0.5114
4-114827849-C-T	rs6843860	-0.0694	-0.0684	0.5654	0.1531	0.2804
15-59075968-G-A	rs7178935	-0.0689	0.0214	0.6610	0.2692	0.2630
15-41983978-T-C	rs1704348	-0.0681	-0.1071	0.7627	0.2736	0.5158
3-179754886-C-T	rs2287240	0.0679	-0.0479	0.1904	0.5181	0.5500
2-219281680-C-T	rs3731896	-0.0675	0.0048	0.5523	0.1875	0.2386
19-41206519-A-G	rs338583	-0.0674	0.0527	0.5798	0.3033	0.2085
2-11160606-C-T	rs2271622	0.0672	-0.0254	0.1296	0.4920	0.4937
9-129322342-G-A	rs913770	-0.0672	-0.0111	0.4227	0.0537	0.1028
8-119582562-A-G	rs4871364	-0.0667	0.0143	0.5349	0.1892	0.2170
1-204974819-C-A	rs2246662	0.0666	-0.1418	0.1849	0.3926	0.6209
8-22615711-T-C	rs6558165	-0.0665	-0.0038	0.3799	0.0334	0.0767
3-193276754-A-G	rs2271791	0.0664	0.0418	0.0992	0.4913	0.3886
6-116003979-C-T	rs3756772	0.0664	-0.0865	0.1765	0.4253	0.5665
3-14485030-G-A	rs1062540	0.0660	0.1728	0.0549	0.5646	0.2044
19-51265891-T-C	rs10410689	-0.0658	-0.0300	0.4561	0.0828	0.1354
11-75196537-C-T	rs2306168	-0.0658	-0.0142	0.3814	0.0167	0.0576
9-129042506-T-C	rs11544968	-0.0656	-0.0181	0.4232	0.0602	0.1350
3-184178853-T-C	rs2231216	0.0655	-0.0605	0.1705	0.4906	0.5658
16-11752652-T-G	rs2303822	-0.0653	-0.0023	0.4890	0.1125	0.1348
5-136315555-G-A	rs2277052	-0.0646	0.0261	0.4317	0.1090	0.0994
1-203183673-T-C	rs880633	0.0641	0.0188	0.1695	0.5305	0.4665
7-103566787-T-C	rs362726	-0.0640	0.0388	0.6560	0.3716	0.3424
13-53034344-G-A	rs2298230	0.0640	-0.0384	0.1122	0.4013	0.4620
6-75284435-A-G	rs240374	-0.0640	0.0344	0.3624	0.0813	0.0354
7-6330563-C-T	rs6952125	-0.0627	-0.0929	0.9083	0.4629	0.6616
10-100924623-C-A	rs10883563	0.0627	0.0715	0.1665	0.5624	0.4025
1-235160983-T-C	rs2295815	-0.0626	0.0409	0.4023	0.1259	0.0862
2-3550384-T-C	rs10186193	-0.0626	0.0485	0.6311	0.3757	0.3162
7-106030821-T-C	rs10270308	-0.0617	-0.0228	0.3789	0.0116	0.0620
10-71351651-C-T	rs780668	0.0615	0.1228	0.2881	0.7678	0.5184
11-44067802-G-A	rs33952257	-0.0615	0.0102	0.4761	0.1715	0.1892
11-4681935-C-A	rs1123991	0.0614	-0.0434	0.5409	0.8258	0.8734
22-17817474-T-C	rs5992854	-0.0613	0.0560	0.6964	0.3846	0.3076
7-48198205-C-T	rs2188	0.0612	0.0012	0.1346	0.4557	0.4214
22-29359899-T-C	rs2072051	-0.0610	0.0097	0.8814	0.5560	0.5759
7-150856517-C-T	rs10156191	-0.0609	0.0150	0.5668	0.2576	0.2658
10-59654253-G-T	rs2242206	0.0604	-0.1557	0.0698	0.2322	0.4886
2-58089679-A-G	rs1051061	0.0603	0.0255	0.0598	0.4115	0.3475
2-223998125-A-G	rs12457	-0.0602	0.0336	0.4940	0.2166	0.1797
5-69320504-C-T	rs10471774	0.0594	0.0552	0.0598	0.4419	0.3038
10-71322806-A-G	rs2277257	-0.0589	-0.0297	0.7109	0.3774	0.4361
19-48835841-T-C	rs8110220	-0.0584	-0.0238	0.6211	0.2576	0.3392
1-94864816-G-A	rs859098	0.0582	-0.0119	0.4925	0.7823	0.7861
12-109914556-G-A	rs16940680	-0.0581	-0.0357	0.3674	0.0254	0.1120
1-47189927-C-T	rs11801079	-0.0581	-0.0126	0.3759	0.0319	0.0627
11-11352722-A-G	rs2071460	0.0580	-0.0456	0.1974	0.4717	0.5393
9-104598830-T-C	rs6479259	-0.0580	-0.0279	0.3674	0.0080	0.0608
4-151279901-G-A	rs36097019	0.0579	-0.0010	0.1376	0.4572	0.4486
6-117397140-A-G	rs9401003	-0.0578	-0.0068	0.5728	0.2388	0.2538
4-78363540-C-T	rs6835769	0.0575	0.0751	0.1286	0.5334	0.3646
17-2980294-C-A	rs17762452	0.0572	-0.1016	0.1047	0.3077	0.4848
6-35462909-G-A	rs9462088	-0.0570	-0.0499	0.4232	0.0370	0.1665
11-78661491-G-A	rs2277277	0.0570	0.1192	0.2502	0.6771	0.4132
2-68395858-T-C	rs6725743	-0.0570	0.0209	0.3699	0.1118	0.1032
22-19196584-T-C	rs1061325	0.0569	-0.0490	0.2198	0.5087	0.5962
10-113574365-C-T	rs3740530	0.0568	-0.0085	0.2846	0.6060	0.6103
17-34961863-T-G	rs931196	0.0568	0.0034	0.6775	0.9848	0.9418
14-22768003-G-A	rs17619	-0.0566	-0.0037	0.3405	0.0312	0.0639
4-94249688-G-A	rs11722476	0.0565	-0.1241	0.2026	0.3663	0.5753
6-41350700-A-G	rs2273962	0.0560	-0.0006	0.5005	0.7823	0.7570
2-138671498-G-A	rs10803570	-0.0550	0.1232	0.8988	0.7054	0.5032
22-36504224-T-C	rs2277841	-0.0549	0.1643	0.9063	0.8012	0.5291
7-138732973-A-G	rs3807154	0.0544	-0.0172	0.4192	0.7166	0.7380
22-43046593-T-C	rs5759111	-0.0544	-0.0388	0.8280	0.4673	0.5539
7-101206767-A-G	rs4729671	-0.0544	-0.0380	0.4756	0.1219	0.2348
18-75202325-G-A	rs7230037	0.0544	0.0627	0.0543	0.4157	0.2525
1-182671716-T-G	rs569956	-0.0542	0.0022	0.3475	0.0422	0.0627
18-13387814-T-G	rs12956452	-0.0542	0.0021	0.3330	0.0450	0.0759
1-43977258-A-G	rs2428954	-0.0532	-0.0392	0.4212	0.1154	0.2119
6-150800779-G-A	rs2073061	-0.0529	-0.0219	0.7961	0.4848	0.5646
2-29143964-A-G	rs3213947	0.0529	-0.1099	0.1815	0.3672	0.5114
1-34757744-G-A	rs3738345	-0.0528	0.0483	0.4691	0.2388	0.1692
9-83248176-A-G	rs10114696	0.0526	-0.0087	0.1361	0.4006	0.4139
14-75902201-T-C	rs1133834	-0.0520	-0.1001	0.5892	0.1974	0.3987
3-36738216-G-A	rs3796187	0.0520	0.0506	0.0678	0.4180	0.2987
2-44704381-C-T	rs343989	-0.0518	-0.0129	0.4761	0.1892	0.2316
2-31344766-T-G	rs207454	-0.0518	-0.0182	0.3634	0.0907	0.1506
4-153703504-T-C	rs3804099	-0.0513	0.0818	0.6426	0.4434	0.3234
9-124799280-C-T	rs2281923	0.0512	-0.0565	0.4586	0.6865	0.7728
1-165419892-G-A	rs1128977	0.0512	0.0036	0.0653	0.3585	0.3580
14-62802599-T-C	rs12588427	0.0510	-0.1009	0.2577	0.4303	0.5868
20-3865750-C-T	rs7269320	-0.0510	0.0009	0.4088	0.1705	0.1810
8-124451009-T-C	rs3812475	-0.0506	-0.0005	0.7832	0.4971	0.5247
3-38266019-T-C	rs9842091	-0.0504	0.0168	0.3151	0.0516	0.0468
22-37182539-C-T	rs229519	-0.0502	-0.0559	0.6466	0.2834	0.3924
10-30017875-G-A	rs2478839	0.0499	0.0703	0.0842	0.4340	0.2924
6-144793799-A-G	rs4243475	-0.0497	-0.0908	0.7961	0.4201	0.6291
11-108593482-T-C	rs2640738	0.0496	0.0306	0.1889	0.4761	0.4051
21-33268483-A-G	rs2834167	0.0494	-0.0954	0.0867	0.2522	0.4004
7-6737275-A-G	rs7804416	-0.0494	-0.0236	0.3255	0.0327	0.0823
17-58155673-C-A	rs7218964	-0.0490	-0.0237	0.4586	0.1821	0.2146
21-42485777-C-T	rs2839536	0.0488	0.0211	0.0753	0.3795	0.2843
3-3037156-C-T	rs9820464	-0.0488	0.0309	0.3544	0.0951	0.0861
18-55275596-G-A	rs1788027	-0.0487	-0.0013	0.7627	0.4898	0.5304
10-116469251-T-C	rs7077408	-0.0486	0.0013	0.3485	0.0472	0.0778
16-20552206-T-C	rs77863699	-0.0485	-0.0251	0.3156	0.0218	0.0842
5-7870860-A-G	rs1801394	0.0484	-0.0106	0.2448	0.5080	0.5158
19-41006887-C-T	rs4803419	0.0479	-0.0292	0.0798	0.3106	0.3544
13-43023729-A-G	rs12015	-0.0477	0.0649	0.4227	0.2417	0.1323
9-127091920-G-A	rs2297866	0.0477	0.0802	0.1077	0.4462	0.3032
7-142257684-A-G	rs7786497	0.0476	-0.0698	0.0583	0.2453	0.3386
8-68521960-T-C	rs2289831	-0.0476	0.0088	0.3963	0.1444	0.1519
15-79970875-C-T	rs3826007	0.0473	-0.0554	0.0633	0.2729	0.3424
19-15949848-A-G	rs11880184	-0.0472	0.0470	0.4716	0.2540	0.1658
2-237518551-T-C	rs3751109	-0.0471	0.0138	0.3888	0.1299	0.1253
1-53910028-C-T	rs11206244	0.0470	-0.0687	0.1406	0.3491	0.4728
19-54889804-A-G	rs16986050	-0.0468	0.0767	0.3549	0.1807	0.0601
2-232672415-A-G	rs11550699	0.0467	-0.0375	0.1426	0.3556	0.4037
17-1776511-A-G	rs2071022	-0.0465	0.0513	0.9242	0.7141	0.6424
1-171193444-T-C	rs2020860	-0.0464	0.0175	0.3011	0.0573	0.0386
11-72230168-A-G	rs2276048	-0.0463	-0.0889	0.5105	0.1872	0.3709
18-11752944-C-A	rs1895689	-0.0458	-0.0224	0.5434	0.2750	0.3354
8-6513770-A-G	rs2916747	-0.0455	-0.0319	0.3495	0.0508	0.1506
19-58417419-A-G	rs7257872	-0.0455	0.0203	0.4641	0.2366	0.1968
4-188139952-G-A	rs13131525	0.0454	0.0997	0.1102	0.4913	0.2949
20-63945638-G-A	rs2252258	-0.0450	0.0007	0.5075	0.2765	0.2791
15-42728785-G-A	rs8023524	-0.0449	-0.0831	0.4910	0.1814	0.3614
8-20179202-A-G	rs1390938	-0.0448	0.0442	0.9317	0.7533	0.6671
6-155130218-G-A	rs931312	0.0443	-0.1157	0.0678	0.2003	0.4152
5-55768015-T-C	rs60640325	-0.0442	0.0046	0.3584	0.1125	0.1139
12-120988791-G-A	rs1169294	0.0442	-0.0470	0.1361	0.3287	0.4120
1-56875054-C-A	rs652785	0.0441	-0.0945	0.1715	0.3350	0.4861
20-58694439-G-A	rs7262862	-0.0439	0.0046	0.2961	0.0435	0.0532
9-71740269-T-G	rs3753006	-0.0438	-0.0041	0.3684	0.1422	0.1437
8-132971813-C-T	rs2076740	-0.0437	0.0520	0.5304	0.3641	0.2620
6-43681066-A-G	rs2236345	-0.0436	-0.0152	0.3051	0.0501	0.1285
19-5844332-C-T	rs3745635	-0.0433	-0.0198	0.2891	0.0153	0.0627
7-37907501-C-T	rs1802074	-0.0431	0.0432	0.3858	0.2199	0.1348
11-2418537-T-C	rs886277	-0.0429	-0.0371	0.6256	0.3737	0.4351
12-10160315-G-A	rs3816844	0.0428	0.1135	0.1735	0.5254	0.2712
17-3577153-T-C	rs8065080	0.0426	0.0565	0.1022	0.3890	0.2386
3-74364525-T-C	rs6549590	0.0426	0.0412	0.3151	0.5849	0.4537
5-177371305-G-A	rs11746443	0.0426	-0.0040	0.0518	0.2711	0.2601
2-70816329-C-T	rs722896	0.0425	-0.0473	0.1188	0.3142	0.3930
12-5565588-G-A	rs2277398	0.0423	-0.0009	0.1964	0.4463	0.4259
5-83490375-T-C	rs12332199	-0.0423	0.1080	0.4940	0.3962	0.2241
2-169095723-T-C	rs1059261	-0.0419	0.0116	0.4257	0.1880	0.1730
7-44243278-A-G	rs11542227	0.0418	0.0417	0.0977	0.3730	0.2930
5-173123201-C-T	rs1129146	-0.0417	-0.0265	0.3574	0.0879	0.1449
5-149609559-C-T	rs2400891	0.0409	0.0700	0.2851	0.5370	0.3785
19-50217817-G-A	rs4802666	0.0406	-0.0553	0.1012	0.2750	0.3715
14-38210268-C-T	rs2228497	0.0405	-0.0265	0.1147	0.3157	0.3582
20-1537333-G-A	rs2256229	0.0403	0.0757	0.2104	0.5116	0.3785
3-136001698-A-G	rs9814557	0.0401	0.0211	0.0558	0.2983	0.2532
2-46907765-G-A	rs2289928	-0.0400	0.0016	0.2921	0.0827	0.0595
14-90184689-G-A	rs3814848	-0.0398	-0.0497	0.3275	0.0610	0.1728
18-58580335-A-G	rs9956630	0.0395	-0.0231	0.3295	0.5189	0.5627
12-7651050-G-A	rs10431309	0.0391	-0.0838	0.1476	0.2660	0.4023
2-215435759-T-A	rs1250259	-0.0389	0.0945	0.9013	0.7540	0.5658
22-37725145-C-A	rs9610841	0.0387	0.0437	0.1476	0.4033	0.3259
2-43741028-G-A	rs2278358	-0.0383	-0.0504	0.3046	0.0697	0.1844
4-3178294-T-C	rs363096	-0.0382	0.0751	0.6899	0.5733	0.4323
9-114288740-A-G	rs1687410	-0.0379	0.0167	0.3794	0.1633	0.1411
1-216046439-A-G	rs6657250	-0.0379	0.0848	0.7896	0.6497	0.5171
19-3207424-T-C	rs3816054	-0.0372	-0.1103	0.3460	0.0501	0.2639
15-33802000-C-T	rs2115747	0.0370	-0.0430	0.2565	0.4224	0.4918
7-4861560-T-C	rs3750010	-0.0367	-0.0066	0.3161	0.0936	0.1399
2-159178684-C-T	rs12988603	0.0367	0.1219	0.0703	0.3839	0.1291
1-94892540-A-G	rs859063	0.0366	0.0682	0.3106	0.6045	0.4690
10-70255817-T-G	rs3812694	-0.0365	-0.0098	0.2981	0.0719	0.0968
7-133895694-G-A	rs2042456	-0.0365	-0.1054	0.7273	0.4260	0.6291
14-69328482-G-A	rs12879377	0.0362	0.0977	0.0593	0.3694	0.1709
16-4204522-C-T	rs60137128	0.0361	0.0436	0.1740	0.3926	0.2884
1-11719705-C-T	rs12117076	0.0360	0.0489	0.0683	0.3382	0.2373
20-63604795-T-C	rs6090471	0.0357	0.1301	0.5608	0.9216	0.6753
13-110478172-C-T	rs2281974	-0.0357	-0.0909	0.5867	0.3186	0.5323
12-42087743-T-C	rs17801478	0.0355	-0.0362	0.0573	0.2096	0.2854
3-42527437-T-C	rs2229722	-0.0348	-0.0594	0.4576	0.1720	0.3025
20-2794686-T-C	rs127078	-0.0339	-0.1125	0.4771	0.1887	0.4176
1-15112494-G-A	rs10803354	0.0338	-0.0675	0.2624	0.3877	0.5108
11-7706325-T-C	rs12289558	0.0333	0.1251	0.0578	0.3440	0.0906
5-180338467-C-T	rs55946431	0.0332	0.0803	0.3310	0.5972	0.4309
11-61776027-T-C	rs174528	-0.0330	0.0913	0.4701	0.3568	0.1994
20-33225117-G-A	rs3818222	-0.0329	-0.0668	0.7941	0.5196	0.6439
15-75677729-C-T	rs8023621	0.0327	0.0546	0.1545	0.3781	0.2538
15-33067373-C-A	rs11858145	0.0325	-0.1096	0.5842	0.6480	0.8285
18-909560-A-G	rs2231187	0.0325	0.0663	0.0713	0.3200	0.1667
1-53210776-G-A	rs1799821	0.0318	0.1362	0.2433	0.5218	0.2598
16-3254762-A-G	rs224225	-0.0314	0.1442	0.5349	0.4775	0.2146
1-236482370-C-T	rs604070	0.0314	0.0629	0.0508	0.2791	0.1451
1-115286692-G-A	rs6330	0.0308	0.1201	0.1555	0.4543	0.2076
9-92223355-T-C	rs556155	0.0305	-0.0878	0.0603	0.1408	0.3139
18-76379762-G-A	rs17059302	-0.0305	-0.0239	0.2846	0.0639	0.1367
20-7999743-C-T	rs1012891	0.0300	-0.1119	0.2547	0.3038	0.5241
7-90225132-T-G	rs194520	0.0295	0.0674	0.2757	0.4942	0.3629
5-109337245-C-T	rs246105	0.0294	-0.0625	0.1147	0.2322	0.3449
8-27242362-C-T	rs3739212	0.0288	0.0797	0.2956	0.5334	0.3494
2-176152000-T-C	rs34727427	-0.0287	0.0822	0.4113	0.3140	0.1829
11-66315658-T-C	rs3741367	0.0275	0.0882	0.1707	0.4274	0.2335
12-103650463-G-A	rs12829198	0.0270	-0.1071	0.1565	0.1800	0.3842
1-32091885-A-G	rs744455	-0.0260	-0.0882	0.3026	0.0566	0.2399
19-35013723-C-A	rs7251988	0.0254	0.0793	0.2119	0.4353	0.2690
1-66847566-G-A	rs57010209	0.0245	-0.1535	0.0623	0.0377	0.3032
7-93426441-A-G	rs1801197	-0.0219	-0.1053	0.5508	0.2903	0.5171
2-154854845-T-C	rs17642086	0.0192	0.1124	0.1281	0.3462	0.1329
6-116399324-C-T	rs10485183	0.0188	0.0880	0.0907	0.3120	0.1386
