locus_key	rsid	BVI	TT	Bahamas	Barbados	Bermuda	StLucia	gnomAD_global	gnomAD_AFR	gnomAD_NFE	gnomAD_SAS	delta_abs	pooled_af	rank
8-30845009-A-C	rs323344	0.745283	0.519737	0.776786	0.732000	0.466189	0.734375	0.303133	0.847956	0.106676	0.196835	0.741280	0.477316	1
4-158680524-C-T	rs11559290	0.250000	0.559211	0.211310	0.316000	0.480533	0.239583	0.683012	0.130608	0.859942	0.839240	0.729334	0.495275	2
14-102875712-T-C	rs1131877	0.863208	0.559211	0.824405	0.796000	0.629098	0.838542	0.456145	0.918245	0.228592	0.182911	0.689653	0.573418	3
2-108378352-C-G	rs1402467	0.764151	0.572368	0.779762	0.788000	0.547131	0.768041	0.403712	0.878863	0.230769	0.421519	0.648094	0.554816	4
4-70606709-A-G	rs7680880	0.570755	0.322368	0.604167	0.564000	0.391393	0.572917	0.265606	0.683948	0.073295	0.156329	0.610653	0.378621	5
3-64541645-T-C	rs1373163	0.240566	0.539474	0.273810	0.288000	0.494877	0.265625	0.536627	0.241775	0.851234	0.774684	0.609459	0.546505	6
14-61530508-C-T	rs1088680	0.320755	0.592105	0.392857	0.372000	0.569815	0.432990	0.679518	0.302592	0.865022	0.815190	0.562430	0.583807	7
12-1444631-A-G	rs12319376	0.584906	0.342105	0.619048	0.552000	0.380123	0.578125	0.180000	0.604686	0.063135	0.039873	0.541551	0.333910	8
7-93105138-A-G	rs6965201	0.787736	0.605263	0.758929	0.764000	0.597336	0.804124	0.508916	0.830508	0.290276	0.343038	0.540232	0.560392	9
14-94587512-T-C	rs6113	0.537736	0.381579	0.607143	0.532000	0.393443	0.526042	0.265847	0.624128	0.092163	0.111392	0.531965	0.358146	10
13-30735693-C-A	rs4769055	0.816038	0.605263	0.758929	0.712000	0.572746	0.765625	0.546747	0.846959	0.315675	0.500633	0.531284	0.581317	11
18-31131556-C-T	rs1789072	0.320755	0.546053	0.306548	0.384000	0.536885	0.390625	0.596024	0.292622	0.814224	0.773418	0.521602	0.553423	12
9-5557708-T-C	rs7854413	0.500000	0.413333	0.598214	0.560000	0.391393	0.619792	0.273976	0.639083	0.120464	0.229747	0.518619	0.379773	13
9-93107661-C-T	rs2275849	0.566038	0.289474	0.574405	0.540323	0.355533	0.552083	0.258313	0.599701	0.083454	0.108861	0.516247	0.341578	14
10-69097096-G-A	rs2229498	0.410377	0.644737	0.333333	0.484000	0.574795	0.437500	0.608916	0.338983	0.849782	0.750000	0.510799	0.594383	15
10-30439172-T-C	rs1042058	0.103774	0.184211	0.119048	0.164000	0.286885	0.104167	0.361446	0.085244	0.595791	0.327848	0.510547	0.340517	16
3-14485030-G-A	rs1062540	0.108491	0.157895	0.059524	0.120000	0.256148	0.057292	0.249940	0.054890	0.564586	0.204430	0.509696	0.309738	17
17-74473827-G-A	rs2272111	0.646465	0.513333	0.598160	0.657258	0.432851	0.583333	0.339600	0.703390	0.197388	0.257921	0.506002	0.450389	18
2-227109157-T-C	rs58363082	0.466981	0.302632	0.494048	0.480000	0.337782	0.484536	0.282630	0.577345	0.076197	0.178707	0.501148	0.326771	19
15-41983978-T-C	rs1704348	0.669811	0.532895	0.705357	0.680000	0.465164	0.588542	0.443842	0.762712	0.273585	0.515843	0.489127	0.518149	20
9-33240227-G-A	rs706107	0.622642	0.460526	0.684524	0.633065	0.514433	0.603093	0.373133	0.721834	0.232946	0.271519	0.488888	0.477390	21
15-92795989-T-C	rs7164758	0.451807	0.268116	0.542208	0.573770	0.398747	0.557292	0.267831	0.662014	0.177794	0.133544	0.484220	0.419904	22
10-60911547-G-A	rs2271126	0.500000	0.296053	0.458333	0.476000	0.349385	0.510309	0.292048	0.603689	0.121916	0.204430	0.481773	0.362803	23
4-153558278-T-C	rs6848033	0.702830	0.697368	0.782738	0.740000	0.607582	0.703125	0.575663	0.826022	0.344702	0.480380	0.481320	0.585362	24
10-71351651-C-T	rs780668	0.311321	0.434211	0.383929	0.384000	0.509221	0.416667	0.492167	0.288136	0.767779	0.518354	0.479643	0.527957	25
5-75028723-G-A	rs3811987	0.726415	0.513158	0.669643	0.668000	0.527664	0.701031	0.418434	0.749751	0.272859	0.339241	0.476892	0.511305	26
1-173487878-C-T	rs4611	0.653465	0.402778	0.636905	0.560000	0.501050	0.567708	0.416004	0.700399	0.224564	0.213291	0.475835	0.462481	27
6-88941203-C-A	rs9451108	0.566038	0.381579	0.601796	0.624000	0.431352	0.541667	0.328671	0.679960	0.204644	0.273131	0.475316	0.442302	28
1-36100016-G-A	rs274754	0.311321	0.434211	0.446429	0.372000	0.568648	0.317708	0.495662	0.324526	0.795356	0.615190	0.470830	0.559941	29
2-162267541-C-T	rs1990760	0.188679	0.355263	0.181548	0.164000	0.339139	0.180412	0.357229	0.124626	0.595065	0.544304	0.470439	0.359845	30
1-171258077-T-C	rs10912675	0.674528	0.572368	0.690476	0.680000	0.549281	0.651042	0.410559	0.771186	0.301161	0.381345	0.470025	0.536174	31
13-75310080-C-T	rs1062087	0.523585	0.657895	0.452381	0.484000	0.649590	0.505155	0.725904	0.409771	0.876633	0.927848	0.466862	0.643202	32
18-31339816-A-C	rs8091003	0.547170	0.401316	0.482143	0.504000	0.354508	0.473958	0.215474	0.534397	0.085631	0.186709	0.448766	0.310014	33
7-6330563-C-T	rs6952125	0.820755	0.756579	0.886905	0.828000	0.725873	0.855670	0.729498	0.908275	0.462936	0.661597	0.445339	0.685606	34
17-9612460-G-A	rs6503235	0.457547	0.592105	0.401786	0.432000	0.548156	0.417526	0.607134	0.305583	0.749637	0.718354	0.444054	0.527610	35
5-90855772-G-A	rs2247870	0.226415	0.407895	0.187500	0.208000	0.313525	0.211340	0.469752	0.120638	0.564586	0.520913	0.443948	0.342612	36
6-166498574-C-T	rs2230732	0.457547	0.309211	0.532738	0.508000	0.348361	0.401042	0.196386	0.528913	0.087083	0.099367	0.441830	0.307998	37
16-81937798-T-C	rs1071644	0.113208	0.289474	0.136905	0.164000	0.268443	0.104167	0.324819	0.069292	0.510885	0.407595	0.441593	0.290089	38
8-6409253-G-A	rs1550697	0.589623	0.486842	0.619048	0.548000	0.434426	0.562500	0.363910	0.665504	0.232221	0.262025	0.433283	0.448862	39
14-65032732-G-A	rs7148144	0.429245	0.190789	0.455357	0.440000	0.285714	0.427083	0.236506	0.491027	0.058781	0.065823	0.432246	0.274904	40
17-50461674-T-C	rs9674937	0.629808	0.427632	0.613095	0.584000	0.455943	0.613402	0.348638	0.701894	0.272859	0.284810	0.429035	0.487376	41
7-94401587-T-C	rs1800222	0.490385	0.315789	0.553571	0.479839	0.354037	0.520833	0.301448	0.577844	0.150218	0.101266	0.427626	0.364031	42
11-78661491-G-A	rs2277277	0.297170	0.355263	0.282738	0.248000	0.368852	0.260417	0.381176	0.250249	0.677068	0.413181	0.426819	0.463658	43
9-131026432-C-A	rs2275137	0.500000	0.378788	0.662393	0.579545	0.374055	0.615942	0.312410	0.600199	0.174891	0.280380	0.425308	0.387545	44
17-11883634-T-C	rs8070256	0.231132	0.348684	0.178571	0.262097	0.324795	0.211340	0.393830	0.113161	0.537010	0.524051	0.423849	0.325085	45
17-9491914-G-A	rs9893664	0.396226	0.546667	0.482143	0.484000	0.644033	0.494792	0.715060	0.451147	0.872279	0.708228	0.421132	0.661713	46
3-172251287-C-G	rs7652177	0.877358	0.690789	0.875000	0.852000	0.744877	0.838542	0.630964	0.924227	0.503628	0.562658	0.420599	0.713928	47
3-38400999-G-A	rs2070488	0.146226	0.394737	0.196429	0.268000	0.311475	0.250000	0.361741	0.165005	0.584302	0.515190	0.419297	0.374653	48
4-114827849-C-T	rs6843860	0.524038	0.500000	0.550898	0.520161	0.366460	0.520833	0.299156	0.565369	0.153120	0.280380	0.412249	0.359245	49
19-3586473-A-G	rs8100350	0.594340	0.427632	0.648810	0.568000	0.446721	0.604167	0.364699	0.649551	0.241655	0.333544	0.407896	0.445603	50
6-154442267-G-A	rs6557351	0.547170	0.407895	0.592262	0.592000	0.444672	0.562500	0.369880	0.635593	0.229318	0.276582	0.406275	0.432455	51
4-78363540-C-T	rs6835769	0.183962	0.289474	0.169643	0.232000	0.313142	0.221649	0.336949	0.128614	0.533382	0.364557	0.404768	0.330998	52
3-57542776-A-G	rs9311651	0.476415	0.289474	0.535714	0.412000	0.352459	0.479167	0.200964	0.539382	0.135704	0.086076	0.403678	0.337543	53
10-54195725-A-G	rs7921598	0.561321	0.355263	0.497024	0.440000	0.364476	0.520619	0.243914	0.533898	0.132075	0.190506	0.401823	0.332986	54
10-100924623-C-A	rs10883563	0.188679	0.309211	0.178571	0.168000	0.338115	0.226804	0.333735	0.166500	0.562409	0.402532	0.395909	0.364455	55
6-39315030-G-T	rs11756091	0.844340	0.677632	0.848214	0.812000	0.705943	0.854167	0.575560	0.882353	0.486919	0.485443	0.395434	0.684636	56
3-193276754-A-G	rs2271791	0.141509	0.263158	0.163690	0.176000	0.286885	0.097938	0.339518	0.099202	0.491292	0.388608	0.392090	0.295247	57
14-75902201-T-C	rs1133834	0.523585	0.467105	0.568452	0.504000	0.398566	0.510309	0.423976	0.589232	0.197388	0.398734	0.391844	0.393310	58
15-59075968-G-A	rs7178935	0.547170	0.421053	0.619048	0.568000	0.508214	0.567010	0.431670	0.661017	0.269231	0.262991	0.391786	0.465124	59
17-40958710-C-T	rs7213256	0.490566	0.328947	0.517857	0.480000	0.345287	0.546875	0.248494	0.550847	0.160377	0.209494	0.390470	0.355612	60
5-146458877-G-A	rs11743333	0.287736	0.427632	0.303571	0.336000	0.446721	0.296875	0.452387	0.263210	0.650436	0.633714	0.387226	0.456823	61
19-39244466-T-C	rs8103142	0.682353	0.500000	0.655063	0.580508	0.512115	0.641304	0.366803	0.711366	0.327762	0.248734	0.383604	0.519564	62
10-17071564-C-T	rs1801225	0.127358	0.282895	0.092262	0.124000	0.263320	0.130208	0.377290	0.050898	0.433237	0.463291	0.382339	0.242067	63
5-69320504-C-T	rs10471774	0.094340	0.236842	0.104167	0.128000	0.235656	0.125000	0.266024	0.059821	0.441945	0.303797	0.382124	0.250883	64
15-40854682-T-C	rs8028552	0.589623	0.381579	0.577381	0.504000	0.392418	0.453125	0.267181	0.570788	0.188679	0.159696	0.382109	0.379734	65
4-188139952-G-A	rs13131525	0.226415	0.243421	0.148810	0.224000	0.308402	0.213542	0.273921	0.110169	0.491279	0.294937	0.381110	0.300724	66
2-157300849-C-T	rs3214040	0.556604	0.736842	0.641566	0.632000	0.718686	0.536842	0.799590	0.563310	0.940493	0.921519	0.377183	0.751902	67
16-11752652-T-G	rs2303822	0.391509	0.263158	0.383929	0.412000	0.260246	0.411458	0.214096	0.489033	0.112482	0.134810	0.376551	0.300758	68
6-144793799-A-G	rs4243475	0.787736	0.625000	0.785714	0.700000	0.648871	0.726804	0.689082	0.796112	0.420058	0.629114	0.376054	0.608085	69
7-17339486-G-A	rs2066853	0.495283	0.309211	0.500000	0.436000	0.353484	0.447917	0.263614	0.477567	0.103774	0.135443	0.373793	0.290670	70
19-51265891-T-C	rs10410689	0.462264	0.342105	0.404762	0.392000	0.285861	0.427835	0.273987	0.456132	0.082849	0.135443	0.373283	0.269490	71
9-129322342-G-A	rs913770	0.382075	0.263158	0.375000	0.384000	0.273101	0.390625	0.184908	0.422732	0.053701	0.102792	0.369031	0.238216	72
4-184001516-G-A	rs3749534	0.089623	0.309211	0.120482	0.128000	0.254639	0.145833	0.350723	0.059821	0.425980	0.476582	0.366159	0.242901	73
2-219281680-C-T	rs3731896	0.504717	0.282895	0.508929	0.480000	0.367828	0.489583	0.275916	0.552343	0.187500	0.238608	0.364843	0.369922	74
19-48835841-T-C	rs8110220	0.476415	0.394737	0.505952	0.520000	0.411885	0.625000	0.332651	0.621137	0.257620	0.339241	0.363517	0.439379	75
22-37182539-C-T	rs229519	0.537736	0.519737	0.583333	0.500000	0.485656	0.614583	0.471198	0.646560	0.283430	0.392405	0.363130	0.464995	76
9-129042506-T-C	rs11544968	0.457143	0.263158	0.386905	0.376000	0.299180	0.368421	0.209328	0.423230	0.060232	0.134981	0.362998	0.241731	77
2-11160606-C-T	rs2271622	0.221698	0.381579	0.196429	0.224000	0.287910	0.166667	0.392694	0.129611	0.492006	0.493663	0.362395	0.310808	78
18-75202325-G-A	rs7230037	0.113208	0.197368	0.116071	0.092000	0.205943	0.114583	0.306218	0.054337	0.415698	0.252532	0.361361	0.235018	79
1-203183673-T-C	rs880633	0.141509	0.355263	0.208333	0.232000	0.335041	0.247423	0.364217	0.169492	0.530479	0.466456	0.360987	0.349986	80
20-63604795-T-C	rs6090471	0.660194	0.608108	0.598802	0.651639	0.702062	0.657895	0.674699	0.560818	0.921626	0.675316	0.360808	0.741222	81
22-43046593-T-C	rs5759111	0.726415	0.657895	0.776786	0.784000	0.661885	0.755208	0.677392	0.828016	0.467344	0.553866	0.360672	0.647680	82
8-32595840-G-A	rs3924999	0.080189	0.236842	0.104167	0.124000	0.269467	0.139175	0.401429	0.059896	0.420149	0.446452	0.360253	0.240022	83
17-80291868-T-C	rs7503557	0.424528	0.236842	0.425595	0.372000	0.261270	0.385417	0.204025	0.431705	0.076923	0.076582	0.354782	0.254314	84
7-101206767-A-G	rs4729671	0.367925	0.263158	0.419643	0.384000	0.292608	0.432292	0.242651	0.475573	0.121916	0.234810	0.353657	0.298745	85
12-10160315-G-A	rs3816844	0.216981	0.256579	0.217262	0.208000	0.286885	0.213542	0.337753	0.173480	0.525399	0.271229	0.351919	0.349439	86
2-58089679-A-G	rs1051061	0.122642	0.210526	0.101190	0.072581	0.248460	0.170103	0.299036	0.059821	0.411466	0.347468	0.351645	0.235644	87
16-53470022-G-A	rs1131220	0.787736	0.644737	0.807229	0.782258	0.643737	0.778351	0.503976	0.853440	0.502177	0.481646	0.351263	0.677809	88
3-36738216-G-A	rs3796187	0.127358	0.236842	0.133929	0.132000	0.239754	0.134021	0.247047	0.067797	0.417997	0.298734	0.350200	0.242897	89
10-30017875-G-A	rs2478839	0.142857	0.184211	0.116766	0.148000	0.254115	0.182292	0.276827	0.084247	0.433962	0.292405	0.349715	0.259105	90
1-51361249-T-C	rs17567	0.471698	0.315789	0.568452	0.516000	0.411885	0.489583	0.226627	0.566301	0.218433	0.092405	0.347868	0.392367	91
8-119582562-A-G	rs4871364	0.518868	0.302632	0.517857	0.436000	0.378074	0.468750	0.259165	0.534895	0.189229	0.217005	0.345666	0.362062	92
9-127091920-G-A	rs2297866	0.165094	0.173333	0.179641	0.204000	0.286885	0.114583	0.294047	0.107677	0.446221	0.303165	0.338544	0.276949	93
17-77482399-C-T	rs425139	0.915094	0.651316	0.863095	0.796000	0.713115	0.835052	0.617229	0.913759	0.579100	0.520886	0.334659	0.746429	94
6-117397140-A-G	rs9401003	0.542453	0.394737	0.446429	0.540000	0.355533	0.453125	0.340361	0.572782	0.238752	0.253797	0.334030	0.405767	95
10-71322806-A-G	rs2277257	0.669811	0.618421	0.669643	0.624000	0.539959	0.692708	0.461446	0.710867	0.377358	0.436076	0.333509	0.544112	96
11-69648142-G-A	rs9344	0.187500	0.440789	0.182927	0.210084	0.294956	0.218750	0.415642	0.176969	0.507257	0.511392	0.330288	0.342113	97
10-114959784-G-A	rs7099565	0.745283	0.519737	0.750000	0.712000	0.606776	0.829897	0.421408	0.794616	0.465893	0.380862	0.328723	0.630254	98
3-179754886-C-T	rs2287240	0.226415	0.493421	0.244048	0.260000	0.369877	0.255208	0.458434	0.190429	0.518142	0.550000	0.327713	0.354285	99
22-29359899-T-C	rs2072051	0.853774	0.664474	0.863095	0.828000	0.720287	0.781250	0.661726	0.881356	0.555959	0.575949	0.325397	0.718657	100
11-72230168-A-G	rs2276048	0.495283	0.453947	0.490964	0.448000	0.381148	0.510309	0.347831	0.510469	0.187228	0.370886	0.323241	0.348849	101
5-136315555-G-A	rs2277052	0.476415	0.197368	0.389881	0.380000	0.284836	0.350515	0.245240	0.431705	0.109012	0.099367	0.322693	0.270359	102
10-113574365-C-T	rs3740530	0.330189	0.453947	0.392857	0.352000	0.464139	0.396907	0.539899	0.284646	0.605951	0.610266	0.321305	0.445299	103
7-48198205-C-T	rs2188	0.127358	0.289474	0.184524	0.144000	0.263320	0.182292	0.345347	0.134596	0.455733	0.421420	0.321137	0.295164	104
3-184178853-T-C	rs2231216	0.240566	0.401316	0.247024	0.228000	0.296107	0.237113	0.425181	0.170489	0.490566	0.565823	0.320077	0.330527	105
4-151279901-G-A	rs36097019	0.197115	0.246575	0.176647	0.188000	0.257829	0.194737	0.353750	0.137587	0.457184	0.448604	0.319597	0.297385	106
22-50289633-T-C	rs28379706	0.723810	0.473684	0.675595	0.640000	0.522541	0.578125	0.439639	0.698405	0.383164	0.207595	0.315241	0.540785	107
2-159178684-C-T	rs12988603	0.099057	0.157895	0.095238	0.124000	0.210041	0.057292	0.168595	0.070289	0.383890	0.129114	0.313601	0.227089	108
22-17817474-T-C	rs5992854	0.570423	0.470588	0.603053	0.592593	0.529340	0.618557	0.384819	0.696411	0.384615	0.307595	0.311796	0.540513	109
6-150800779-G-A	rs2073061	0.778302	0.605263	0.782738	0.736000	0.663934	0.760417	0.650229	0.796112	0.484761	0.564639	0.311351	0.640437	110
14-69328482-G-A	rs12879377	0.127358	0.131579	0.098214	0.112000	0.183778	0.104167	0.177073	0.059322	0.369376	0.170886	0.310054	0.214349	111
15-42728785-G-A	rs8023524	0.429245	0.426667	0.476048	0.432000	0.339836	0.468750	0.257711	0.491027	0.181422	0.361392	0.309605	0.336224	112
7-150856517-C-T	rs10156191	0.542453	0.401316	0.520833	0.488000	0.436475	0.546875	0.304652	0.566800	0.257620	0.265823	0.309180	0.412210	113
1-43977258-A-G	rs2428954	0.457547	0.302632	0.401786	0.320000	0.269467	0.395833	0.215887	0.421236	0.115385	0.211929	0.305851	0.268311	114
11-44067802-G-A	rs33952257	0.443396	0.289474	0.479167	0.440000	0.332992	0.458333	0.262593	0.476072	0.171512	0.189241	0.304560	0.323792	115
21-42485777-C-T	rs2839536	0.122642	0.309211	0.130952	0.172000	0.227835	0.114583	0.278153	0.075274	0.379536	0.284264	0.304262	0.227405	116
7-133895694-G-A	rs2042456	0.669811	0.684211	0.645833	0.688000	0.556352	0.682292	0.531566	0.727318	0.425980	0.629114	0.301338	0.576649	117
20-1537333-G-A	rs2256229	0.250000	0.289474	0.244048	0.260000	0.356263	0.244792	0.280241	0.210369	0.511611	0.378481	0.301242	0.360990	118
1-115286692-G-A	rs6330	0.160377	0.197368	0.175595	0.220000	0.257172	0.234375	0.252651	0.155533	0.454282	0.207595	0.298749	0.304907	119
8-6513770-A-G	rs2916747	0.306604	0.171053	0.273810	0.256000	0.215164	0.324742	0.164578	0.349452	0.050798	0.150633	0.298654	0.200125	120
7-138732973-A-G	rs3807154	0.509434	0.585526	0.476190	0.540323	0.593429	0.489362	0.682092	0.419242	0.716570	0.737975	0.297328	0.567906	121
19-3207424-T-C	rs3816054	0.306604	0.289474	0.339286	0.308000	0.202259	0.360825	0.256506	0.345962	0.050073	0.263924	0.295889	0.198017	122
1-94892540-A-G	rs859063	0.363208	0.394737	0.375000	0.376000	0.447639	0.416667	0.459147	0.310568	0.604499	0.468987	0.293931	0.457534	123
1-165419892-G-A	rs1128977	0.160377	0.184211	0.092262	0.096000	0.217213	0.140625	0.230046	0.065304	0.358491	0.358048	0.293187	0.211898	124
1-94864816-G-A	rs859098	0.462264	0.631579	0.565476	0.540000	0.650615	0.572165	0.753133	0.492522	0.782293	0.786076	0.289771	0.637408	125
13-53034344-G-A	rs2298230	0.155660	0.256579	0.127976	0.152000	0.258197	0.135417	0.357349	0.112164	0.401306	0.462025	0.289142	0.256735	126
22-19196584-T-C	rs1061325	0.287736	0.368421	0.270833	0.308000	0.325820	0.291667	0.413232	0.219840	0.508708	0.596203	0.288868	0.364274	127
17-63482562-C-T	rs4309	0.216981	0.342105	0.136905	0.188000	0.275615	0.164948	0.424904	0.106680	0.395501	0.553797	0.288821	0.251090	128
20-2794686-T-C	rs127078	0.429245	0.388158	0.470238	0.464000	0.311475	0.422680	0.368282	0.477069	0.188679	0.417617	0.288390	0.332874	129
11-108593482-T-C	rs2640738	0.231132	0.335526	0.223214	0.248000	0.376025	0.218750	0.386933	0.188933	0.476052	0.405063	0.287119	0.332492	130
2-44704381-C-T	rs343989	0.448113	0.355263	0.428571	0.408000	0.320329	0.416667	0.226725	0.476072	0.189229	0.231646	0.286843	0.332651	131
17-3577153-T-C	rs8065080	0.132075	0.217105	0.142857	0.136000	0.225410	0.171875	0.323614	0.102193	0.388970	0.238608	0.286777	0.245582	132
11-7706325-T-C	rs12289558	0.071429	0.081081	0.062500	0.053719	0.157505	0.047368	0.131389	0.057827	0.343977	0.090621	0.286150	0.200902	133
8-124451009-T-C	rs3812475	0.768868	0.611842	0.717262	0.696000	0.630123	0.703125	0.560632	0.783151	0.497097	0.524715	0.286054	0.640124	134
3-42527437-T-C	rs2229722	0.400943	0.328947	0.443452	0.344000	0.340862	0.364583	0.362892	0.457627	0.171988	0.302532	0.285639	0.314808	135
11-4681935-C-A	rs1123991	0.622642	0.743421	0.541667	0.584000	0.669057	0.546875	0.758193	0.540877	0.825835	0.873418	0.284958	0.683356	136
7-103566787-T-C	rs362726	0.698113	0.493421	0.672619	0.644000	0.581967	0.623711	0.467952	0.656032	0.371553	0.342405	0.284479	0.513792	137
6-41350700-A-G	rs2273962	0.500000	0.644737	0.535714	0.536000	0.650924	0.541237	0.736867	0.500499	0.782293	0.756962	0.281794	0.641396	138
6-75284435-A-G	rs240374	0.377358	0.210526	0.363095	0.340000	0.226434	0.333333	0.149880	0.362413	0.081277	0.035443	0.281136	0.221845	139
1-53210776-G-A	rs1799821	0.207547	0.210526	0.309524	0.276000	0.377049	0.260417	0.417209	0.243270	0.521771	0.259823	0.278501	0.382520	140
2-223998125-A-G	rs12457	0.457547	0.309211	0.482143	0.484000	0.335041	0.421875	0.256568	0.494018	0.216570	0.179747	0.277448	0.355294	141
17-58155673-C-A	rs7218964	0.367925	0.381579	0.473214	0.416000	0.282787	0.391753	0.257831	0.458624	0.182148	0.214557	0.276476	0.320386	142
19-41206519-A-G	rs338583	0.542453	0.460000	0.625000	0.516129	0.437500	0.561856	0.318390	0.579761	0.303338	0.208492	0.276423	0.441549	143
1-235160983-T-C	rs2295815	0.367925	0.236842	0.452381	0.360000	0.290984	0.359375	0.164336	0.402293	0.125910	0.086185	0.276383	0.264101	144
7-44243278-A-G	rs11542227	0.094340	0.177632	0.122024	0.152000	0.217213	0.190722	0.214819	0.097707	0.373004	0.293038	0.275297	0.235355	145
20-33225117-G-A	rs3818222	0.702830	0.736842	0.773810	0.676000	0.672131	0.721649	0.656581	0.794118	0.519622	0.643853	0.274496	0.656870	146
11-11352722-A-G	rs2071460	0.259434	0.394737	0.250000	0.284000	0.353484	0.218750	0.428658	0.197408	0.471698	0.539290	0.274290	0.334553	147
18-55275596-G-A	rs1788027	0.683962	0.565789	0.699405	0.696000	0.616803	0.773196	0.555301	0.762712	0.489840	0.530380	0.272872	0.626276	148
2-31344766-T-G	rs207454	0.372642	0.223684	0.330357	0.360000	0.219262	0.348958	0.185270	0.363410	0.090711	0.150633	0.272699	0.227060	149
1-11719705-C-T	rs12117076	0.141509	0.203947	0.113095	0.164000	0.212090	0.104167	0.172771	0.068295	0.338171	0.237342	0.269876	0.203233	150
3-74364525-T-C	rs6549590	0.311321	0.473684	0.330357	0.308000	0.419918	0.395833	0.464811	0.315055	0.584906	0.453739	0.269851	0.449981	151
5-173123201-C-T	rs1129146	0.339623	0.236842	0.285714	0.244000	0.191992	0.255208	0.149313	0.357428	0.087936	0.144937	0.269492	0.222682	152
18-11752944-C-A	rs1895689	0.518868	0.394737	0.538690	0.452000	0.369835	0.452632	0.341928	0.543370	0.275036	0.335443	0.268334	0.409203	153
13-110478172-C-T	rs2281974	0.578431	0.506757	0.592814	0.588710	0.488372	0.552083	0.454787	0.586740	0.318578	0.532278	0.268162	0.452659	154
14-90184689-G-A	rs3814848	0.264151	0.230263	0.270833	0.288000	0.190574	0.307292	0.144940	0.327517	0.060958	0.172785	0.266559	0.194238	155
5-180338467-C-T	rs55946431	0.342857	0.400000	0.357576	0.394068	0.460722	0.421875	0.472403	0.331007	0.597242	0.430925	0.266235	0.464125	156
9-83248176-A-G	rs10114696	0.160377	0.256579	0.169643	0.108000	0.267418	0.185567	0.282169	0.136092	0.400581	0.413924	0.264489	0.268336	157
3-38266019-T-C	rs9842091	0.240566	0.157895	0.288690	0.272000	0.196721	0.276042	0.113280	0.315055	0.051599	0.046835	0.263456	0.183327	158
5-7870860-A-G	rs1801394	0.301887	0.381579	0.217262	0.300000	0.344262	0.309278	0.362738	0.244766	0.507983	0.515823	0.263217	0.376375	159
7-93426441-A-G	rs1801197	0.528302	0.406667	0.482143	0.476000	0.428279	0.505208	0.534699	0.550847	0.290276	0.517089	0.260571	0.420561	160
3-3037156-C-T	rs9820464	0.273585	0.144737	0.321429	0.344000	0.246926	0.242105	0.144940	0.354437	0.095065	0.086076	0.259372	0.224751	161
2-237518551-T-C	rs3751109	0.334906	0.250000	0.303571	0.340000	0.273566	0.338542	0.175542	0.388833	0.129898	0.125316	0.258935	0.259366	162
2-68395858-T-C	rs6725743	0.377358	0.246667	0.386228	0.360000	0.270492	0.340206	0.158916	0.369890	0.111756	0.103165	0.258134	0.240823	163
11-66315658-T-C	rs3741367	0.259434	0.289474	0.220238	0.224000	0.312500	0.206186	0.296528	0.170659	0.427431	0.233544	0.256772	0.299045	164
22-37725145-C-A	rs9610841	0.226415	0.223684	0.211310	0.196000	0.316598	0.197917	0.344142	0.147557	0.403343	0.325949	0.255786	0.275450	165
2-3550384-T-C	rs10186193	0.636792	0.447368	0.630952	0.556000	0.483607	0.645833	0.372438	0.631107	0.375727	0.316223	0.255380	0.503417	166
6-43681066-A-G	rs2236345	0.273585	0.151316	0.282738	0.272000	0.222336	0.286458	0.140964	0.305085	0.050073	0.128481	0.255012	0.177579	167
8-68521960-T-C	rs2289831	0.367925	0.250000	0.333333	0.312000	0.280287	0.406250	0.203905	0.396311	0.144412	0.151899	0.251899	0.270362	168
11-2418537-T-C	rs886277	0.575472	0.572368	0.598214	0.624000	0.511270	0.666667	0.523884	0.625623	0.373730	0.435115	0.251893	0.499677	169
5-149609559-C-T	rs2400891	0.221698	0.368421	0.303571	0.292000	0.393443	0.239583	0.380154	0.285145	0.537010	0.378481	0.251865	0.411077	170
12-5565588-G-A	rs2277398	0.283019	0.348684	0.199405	0.252000	0.310062	0.270833	0.345663	0.196411	0.446299	0.425949	0.249888	0.321355	171
6-116003979-C-T	rs3756772	0.188679	0.368421	0.202381	0.212000	0.327515	0.216495	0.459990	0.176471	0.425254	0.566456	0.248783	0.300863	172
18-909560-A-G	rs2231187	0.099057	0.151316	0.089286	0.112000	0.169057	0.135417	0.208363	0.071286	0.320029	0.166667	0.248743	0.195658	173
1-32091885-A-G	rs744455	0.242857	0.236842	0.264881	0.268000	0.199793	0.257732	0.211687	0.302592	0.056604	0.239873	0.245988	0.179598	174
5-55768015-T-C	rs60640325	0.306604	0.203947	0.303571	0.328000	0.232582	0.340206	0.241205	0.358425	0.112482	0.113924	0.245943	0.235453	175
1-171193444-T-C	rs2020860	0.276699	0.144737	0.254545	0.209677	0.154564	0.226804	0.099036	0.301097	0.057329	0.038608	0.243768	0.179213	176
3-136001698-A-G	rs9814557	0.108491	0.157895	0.074405	0.100806	0.159138	0.051546	0.150000	0.055833	0.298258	0.253165	0.242425	0.177046	177
20-3865750-C-T	rs7269320	0.438679	0.296053	0.392216	0.384000	0.256148	0.380208	0.203494	0.408774	0.170537	0.181013	0.238237	0.289656	178
2-169095723-T-C	rs1059261	0.391509	0.302632	0.375000	0.392000	0.315574	0.317708	0.279653	0.425723	0.187954	0.173004	0.237769	0.306839	179
8-27242362-C-T	rs3739212	0.339623	0.401316	0.312500	0.324000	0.402664	0.307292	0.392048	0.295613	0.533382	0.349367	0.237769	0.414498	180
2-43741028-G-A	rs2278358	0.363208	0.250000	0.258929	0.296000	0.202869	0.262887	0.150157	0.304586	0.069666	0.184411	0.234920	0.187126	181
20-63945638-G-A	rs2252258	0.443396	0.447368	0.482143	0.456000	0.418033	0.552083	0.327831	0.507478	0.276488	0.279114	0.230990	0.391983	182
19-41006887-C-T	rs4803419	0.132075	0.177632	0.110778	0.137097	0.178423	0.113402	0.298193	0.079761	0.310595	0.354430	0.230834	0.195178	183
1-34757744-G-A	rs3738345	0.438679	0.335526	0.440476	0.444000	0.372951	0.438144	0.253857	0.469093	0.238752	0.169202	0.230341	0.353922	184
1-236482370-C-T	rs604070	0.094340	0.125000	0.077381	0.056000	0.150615	0.041237	0.135849	0.050847	0.279070	0.145120	0.228223	0.164959	185
9-124799280-C-T	rs2281923	0.518868	0.638158	0.485119	0.524000	0.575820	0.484375	0.653531	0.458624	0.686502	0.772785	0.227878	0.572563	186
19-58417419-A-G	rs7257872	0.391509	0.401316	0.401786	0.504000	0.373975	0.416667	0.279639	0.464108	0.236575	0.196835	0.227533	0.350342	187
9-71740269-T-G	rs3753006	0.367925	0.322368	0.372024	0.312000	0.268443	0.329897	0.214940	0.368395	0.142235	0.143671	0.226160	0.255315	188
10-70255817-T-G	rs3812694	0.247573	0.184211	0.254491	0.220000	0.168378	0.221649	0.138106	0.298106	0.071948	0.096835	0.226158	0.185027	189
15-75677729-C-T	rs8023621	0.174528	0.250000	0.154762	0.172000	0.268519	0.192708	0.259880	0.154536	0.378084	0.253797	0.223548	0.266310	190
19-35013723-C-A	rs7251988	0.257143	0.250000	0.217262	0.241935	0.304303	0.284211	0.330400	0.211864	0.435320	0.268987	0.223456	0.323592	191
7-4861560-T-C	rs3750010	0.254717	0.184211	0.285714	0.248000	0.231557	0.288660	0.153614	0.316052	0.093614	0.139873	0.222438	0.204833	192
6-116399324-C-T	rs10485183	0.155660	0.171053	0.142857	0.148000	0.209110	0.156250	0.147229	0.090728	0.312046	0.138608	0.221318	0.201387	193
18-76379762-G-A	rs17059302	0.193396	0.144737	0.255952	0.220000	0.188912	0.234375	0.167349	0.284646	0.063861	0.136709	0.220785	0.174254	194
5-177371305-G-A	rs11746443	0.052885	0.184211	0.071429	0.072000	0.166324	0.098958	0.190528	0.051844	0.271076	0.260127	0.219232	0.161460	195
16-4204522-C-T	rs60137128	0.160377	0.269737	0.169643	0.200000	0.276639	0.171875	0.270365	0.174022	0.392598	0.288437	0.218576	0.283310	196
7-90225132-T-G	rs194520	0.283333	0.341270	0.334459	0.300847	0.390591	0.246753	0.347758	0.275673	0.494194	0.362944	0.218521	0.384934	197
2-154854845-T-C	rs17642086	0.136792	0.164474	0.181548	0.148000	0.250000	0.154639	0.169559	0.128116	0.346154	0.132911	0.218038	0.237135	198
19-15949848-A-G	rs11880184	0.400943	0.358108	0.411950	0.445378	0.344671	0.390110	0.240482	0.471585	0.253991	0.165823	0.217594	0.362788	199
9-114288740-A-G	rs1687410	0.320755	0.236842	0.321429	0.308000	0.268443	0.322917	0.241325	0.379362	0.163280	0.141139	0.216082	0.271321	200
2-71611313-C-T	rs11558179	0.448113	0.289474	0.485119	0.440000	0.306352	0.453125	0.183133	0.572782	0.045718	0.051899	0.520883	0.312341	7
13-20512419-T-C	rs7987204	0.712264	0.414474	0.648810	0.648000	0.392197	0.572165	0.307182	0.693918	0.045718	0.183544	0.510374	0.438731	11
1-204974819-C-A	rs2246662	0.198113	0.434211	0.221557	0.228000	0.300821	0.213542	0.470681	0.184870	0.392598	0.620886	0.436016	0.402878	25
10-59654253-G-T	rs2242206	0.089623	0.322368	0.101190	0.112000	0.179303	0.097938	0.341084	0.069791	0.232221	0.488608	0.418817	0.279199	29
1-99709114-C-T	rs12145706	0.410377	0.230263	0.377976	0.324000	0.231557	0.302083	0.157019	0.458042	0.042090	0.055767	0.402275	0.256904	42
2-138671498-G-A	rs10803570	0.844340	0.690789	0.866071	0.832000	0.820329	0.840206	0.662651	0.898804	0.705370	0.503165	0.395639	0.700985	48
17-45118296-A-G	rs3744758	0.349057	0.243421	0.404762	0.340000	0.232033	0.350515	0.201807	0.446660	0.013788	0.054430	0.392230	0.250545	51
17-2980294-C-A	rs17762452	0.094340	0.269737	0.142857	0.140000	0.188525	0.135417	0.298988	0.104686	0.307692	0.484810	0.380124	0.294748	56
22-36504224-T-C	rs2277841	0.915094	0.697368	0.889881	0.912000	0.838115	0.911458	0.657026	0.906281	0.801161	0.529114	0.377167	0.717697	57
4-94249688-G-A	rs11722476	0.257143	0.432432	0.216867	0.240000	0.348548	0.216495	0.467093	0.202595	0.366279	0.575316	0.372721	0.388956	59
6-155130218-G-A	rs931312	0.094340	0.223684	0.086310	0.124000	0.148566	0.125000	0.238130	0.067797	0.200290	0.415190	0.347393	0.241493	73
2-215435759-T-A	rs1250259	0.871429	0.750000	0.854167	0.860000	0.813525	0.791667	0.791345	0.901296	0.753991	0.565823	0.335473	0.733559	81
1-53910028-C-T	rs11206244	0.216981	0.289474	0.184524	0.136000	0.240779	0.247423	0.313208	0.140578	0.349057	0.472785	0.332207	0.306681	85
2-29143964-A-G	rs3213947	0.174528	0.460526	0.235119	0.236000	0.290984	0.265625	0.444793	0.181456	0.367199	0.511407	0.329951	0.346432	86
14-62802599-T-C	rs12588427	0.264151	0.434211	0.276786	0.284000	0.331967	0.319588	0.482397	0.257727	0.430334	0.586819	0.329092	0.422273	87
11-75196537-C-T	rs2306168	0.311321	0.220000	0.363095	0.334677	0.211340	0.354167	0.177711	0.381356	0.016691	0.057595	0.323761	0.219475	89
16-3254762-A-G	rs224225	0.424528	0.361842	0.488095	0.508000	0.489733	0.515625	0.388675	0.534895	0.477504	0.214557	0.320338	0.374726	91
4-153703504-T-C	rs3804099	0.627358	0.427632	0.604167	0.596000	0.519467	0.567010	0.412892	0.642572	0.443396	0.323418	0.319154	0.482995	94
7-106030821-T-C	rs10270308	0.330189	0.210526	0.339286	0.316000	0.199795	0.304124	0.205953	0.378863	0.011611	0.062025	0.316838	0.220444	98
1-56875054-C-A	rs652785	0.169811	0.361842	0.214286	0.252000	0.242828	0.231959	0.342733	0.171486	0.335029	0.486076	0.314590	0.328781	102
21-33268483-A-G	rs2834167	0.127358	0.250000	0.098214	0.132000	0.173156	0.125000	0.343742	0.086740	0.252180	0.400381	0.313641	0.243560	106
1-47189927-C-T	rs11801079	0.265000	0.236842	0.363095	0.264000	0.197125	0.278351	0.120361	0.375872	0.031930	0.062658	0.313214	0.219265	108
9-104598830-T-C	rs6479259	0.304124	0.193333	0.284173	0.261468	0.133255	0.257143	0.123614	0.367398	0.007983	0.060759	0.306639	0.214079	110
8-22615711-T-C	rs6558165	0.320755	0.197368	0.398810	0.356000	0.211499	0.312500	0.127380	0.379860	0.033382	0.076679	0.303181	0.228269	113
19-54889804-A-G	rs16986050	0.325472	0.164474	0.363095	0.292000	0.234631	0.288660	0.153735	0.354935	0.180697	0.060127	0.294808	0.207531	117
13-43023729-A-G	rs12015	0.368932	0.289474	0.419643	0.428000	0.323045	0.391753	0.233012	0.422732	0.241655	0.132278	0.290454	0.277505	121
1-182671716-T-G	rs569956	0.280952	0.151316	0.288690	0.272000	0.189549	0.319588	0.154653	0.347458	0.042151	0.062658	0.284800	0.205058	128
17-1776511-A-G	rs2071022	0.882075	0.769737	0.928571	0.880000	0.849076	0.869792	0.768675	0.924227	0.714078	0.642405	0.281822	0.783316	130
7-142257684-A-G	rs7786497	0.117925	0.243421	0.068452	0.104000	0.157084	0.087629	0.287901	0.058325	0.245283	0.338608	0.280283	0.198467	131
15-79970875-C-T	rs3826007	0.075472	0.256579	0.098214	0.076000	0.143443	0.104167	0.201566	0.063310	0.272859	0.342405	0.279095	0.202858	132
14-22768003-G-A	rs17619	0.278302	0.217105	0.309524	0.312000	0.224846	0.302083	0.115663	0.340479	0.031205	0.063924	0.276555	0.202201	134
12-120988791-G-A	rs1169294	0.169811	0.236842	0.193452	0.148000	0.229979	0.180412	0.328110	0.136092	0.328737	0.412025	0.275933	0.274058	135
2-70816329-C-T	rs722896	0.174528	0.240000	0.149701	0.236000	0.221414	0.156250	0.337551	0.118762	0.314223	0.393038	0.274276	0.255900	138
1-216046439-A-G	rs6657250	0.731132	0.638158	0.723214	0.752000	0.732582	0.762887	0.592334	0.789631	0.649709	0.517089	0.272542	0.653360	140
11-61776027-T-C	rs174528	0.457547	0.328947	0.482143	0.420000	0.474385	0.447917	0.440347	0.470090	0.356831	0.199367	0.270723	0.334728	142
10-116469251-T-C	rs7077408	0.223810	0.184211	0.317365	0.310484	0.256148	0.268041	0.177590	0.348455	0.047170	0.077848	0.270607	0.213151	143
19-50217817-G-A	rs4802666	0.174528	0.250000	0.125000	0.148000	0.198152	0.104167	0.237711	0.101196	0.275036	0.371519	0.270323	0.236357	144
5-83490375-T-C	rs12332199	0.528302	0.335526	0.505952	0.480000	0.450820	0.500000	0.340767	0.494018	0.396226	0.224051	0.269967	0.359035	145
20-7999743-C-T	rs1012891	0.250000	0.328947	0.288690	0.228000	0.275615	0.286458	0.350687	0.254736	0.303779	0.524051	0.269315	0.389394	146
8-132971813-C-T	rs2076740	0.490566	0.473684	0.529762	0.484000	0.447746	0.526042	0.327308	0.530409	0.364099	0.262025	0.268384	0.396217	147
8-20179202-A-G	rs1390938	0.915094	0.848684	0.928571	0.896000	0.823409	0.901042	0.742530	0.931705	0.753266	0.667089	0.264616	0.799397	151
17-34961863-T-G	rs931196	0.740566	0.828947	0.660714	0.770161	0.787910	0.677083	0.889157	0.677468	0.984761	0.941772	0.264304	0.809620	152
2-232672415-A-G	rs11550699	0.165094	0.282895	0.175595	0.184000	0.254098	0.201031	0.356196	0.142572	0.355588	0.403676	0.261104	0.273124	154
4-3178294-T-C	rs363096	0.688679	0.585526	0.657738	0.696000	0.603484	0.661458	0.532779	0.689930	0.573295	0.432278	0.257652	0.561104	156
18-13387814-T-G	rs12956452	0.283019	0.131579	0.348214	0.284000	0.198770	0.317708	0.186430	0.333001	0.044993	0.075949	0.257052	0.204475	158
6-35462909-G-A	rs9462088	0.353774	0.243421	0.348214	0.344000	0.244877	0.307292	0.176145	0.423230	0.037010	0.166456	0.256774	0.294843	159
12-109914556-G-A	rs16940680	0.349057	0.250000	0.357143	0.276000	0.209446	0.296875	0.131325	0.367398	0.025399	0.112025	0.255373	0.239711	161
12-7651050-G-A	rs10431309	0.136792	0.296053	0.116071	0.180000	0.189300	0.149485	0.242103	0.147557	0.265988	0.402284	0.254727	0.274921	162
9-92223355-T-C	rs556155	0.080189	0.177632	0.074405	0.108000	0.132172	0.078125	0.158313	0.060319	0.140784	0.313924	0.253605	0.187121	164
7-37907501-C-T	rs1802074	0.419811	0.263158	0.383929	0.364000	0.252049	0.329897	0.247771	0.385842	0.219884	0.134810	0.251032	0.260326	166
1-15112494-G-A	rs10803354	0.287736	0.355263	0.318452	0.340000	0.331276	0.288660	0.448746	0.262361	0.387665	0.510828	0.248467	0.386594	167
15-33067373-C-A	rs11858145	0.523585	0.717105	0.607143	0.640000	0.599385	0.604167	0.720964	0.584247	0.648041	0.828481	0.244234	0.706364	173
14-38210268-C-T	rs2228497	0.128571	0.230263	0.113095	0.132000	0.190722	0.189474	0.205783	0.114656	0.315675	0.358228	0.243572	0.236442	176
7-6737275-A-G	rs7804416	0.225962	0.202703	0.326087	0.266129	0.148026	0.241935	0.111687	0.325523	0.032656	0.082278	0.243245	0.203901	177
20-58694439-G-A	rs7262862	0.238095	0.138158	0.247024	0.228000	0.155738	0.213542	0.108675	0.296112	0.043541	0.053165	0.242947	0.174639	178
1-66847566-G-A	rs57010209	0.051887	0.190789	0.068452	0.084000	0.063525	0.087629	0.222945	0.062313	0.037736	0.303165	0.240852	0.182739	180
15-33802000-C-T	rs2115747	0.268868	0.401316	0.279762	0.308000	0.340164	0.283505	0.356557	0.256487	0.422351	0.491772	0.235285	0.374130	185
18-58580335-A-G	rs9956630	0.410377	0.440789	0.336310	0.368000	0.453893	0.355670	0.487346	0.329511	0.518868	0.562658	0.233147	0.446084	186
2-46907765-G-A	rs2289928	0.202830	0.230263	0.282738	0.224000	0.157787	0.293814	0.137349	0.292124	0.082729	0.059494	0.232630	0.175809	187
16-20552206-T-C	rs77863699	0.268868	0.166667	0.296407	0.220000	0.159751	0.271739	0.146747	0.315553	0.021771	0.084177	0.231376	0.199865	190
5-109337245-C-T	rs246105	0.179245	0.236842	0.175595	0.188000	0.213552	0.171875	0.303929	0.114656	0.232221	0.344937	0.230281	0.229796	192
2-176152000-T-C	rs34727427	0.372642	0.269737	0.386905	0.324000	0.355967	0.338542	0.233124	0.411266	0.313953	0.182911	0.228355	0.297088	196
12-42087743-T-C	rs17801478	0.094340	0.125000	0.083333	0.088000	0.140657	0.072917	0.195442	0.057328	0.209607	0.285443	0.228115	0.171385	197
12-103650463-G-A	rs12829198	0.127358	0.230263	0.139881	0.168000	0.177254	0.177083	0.253435	0.156530	0.179971	0.384177	0.227647	0.270354	199
19-5844332-C-T	rs3745635	0.292929	0.173611	0.226115	0.216102	0.175000	0.205556	0.151760	0.289133	0.015262	0.062738	0.226395	0.175935	200
